draw_no,draw_date,main,supp,powerball,source
1,2015-08-07,4 5 8 9 10 12 19 30,6 29,,archive
2,2015-08-08,6 7 12 13 21 25 26 36,14 35,,archive
3,2015-08-09,3 4 7 11 15 23 27 31,36 37,,archive
4,2015-08-10,7 8 9 14 19 24 28 30,23 32,,archive
5,2015-08-11,3 9 15 18 19 21 27 35,7 31,,archive
6,2015-08-12,2 9 10 14 22 27 28 37,21 32,,archive
7,2015-08-13,5 7 9 10 11 23 34 37,15 22,,archive
8,2015-08-14,7 9 14 15 18 19 29 32,3 33,,archive
9,2015-08-15,1 6 11 22 27 29 30 31,13 28,,archive
10,2015-08-16,5 8 15 19 23 26 29 34,21 36,,archive
11,2015-08-17,3 13 15 16 18 24 25 35,10 23,,archive
12,2015-08-18,5 9 11 19 23 25 32 36,6 37,,archive
13,2015-08-19,8 9 12 13 21 23 32 35,17 28,,archive
14,2015-08-20,1 3 9 18 27 29 30 33,7 20,,archive
15,2015-08-21,5 9 12 20 25 29 31 36,26 27,,archive
16,2015-08-22,3 18 22 23 26 29 31 37,7 27,,archive
17,2015-08-23,3 6 7 19 22 23 30 35,11 28,,archive
18,2015-08-24,3 7 11 14 19 20 27 37,5 16,,archive
19,2015-08-25,2 6 7 16 17 20 33 37,11 18,,archive
20,2015-08-26,12 18 23 24 28 29 30 35,16 21,,archive
21,2015-08-27,1 14 15 16 17 20 23 31,9 21,,archive
22,2015-08-28,1 6 14 21 25 26 27 28,16 36,,archive
23,2015-08-29,2 3 5 6 20 25 28 37,12 27,,archive
24,2015-08-30,1 5 8 10 14 23 31 36,2 25,,archive
25,2015-08-31,14 16 19 25 29 32 33 37,6 10,,archive
26,2015-09-01,3 4 8 12 24 25 27 31,26 32,,archive
27,2015-09-02,1 2 9 12 14 25 28 34,8 31,,archive
28,2015-09-03,2 3 4 11 14 20 24 27,7 25,,archive
29,2015-09-04,1 5 11 21 28 29 31 32,14 27,,archive
30,2015-09-05,3 6 10 15 21 22 25 33,2 17,,archive
31,2015-09-06,5 6 10 15 17 25 26 36,23 32,,archive
32,2015-09-07,4 5 7 13 15 16 23 34,18 22,,archive
33,2015-09-08,8 11 15 16 24 28 31 34,22 26,,archive
34,2015-09-09,1 2 6 14 19 26 28 34,11 15,,archive
35,2015-09-10,2 3 4 5 7 10 17 20,19 26,,archive
36,2015-09-11,7 13 14 17 18 21 26 36,11 34,,archive
37,2015-09-12,5 6 11 13 14 15 16 31,1 26,,archive
38,2015-09-13,1 11 16 19 20 23 30 37,4 18,,archive
39,2015-09-14,3 8 10 11 12 13 14 35,1 24,,archive
40,2015-09-15,5 8 9 11 13 22 32 33,4 21,,archive
41,2015-09-16,1 5 7 14 16 29 31 32,12 17,,archive
42,2015-09-17,1 4 5 22 25 28 32 36,3 13,,archive
43,2015-09-18,2 5 10 16 19 24 31 32,28 29,,archive
44,2015-09-19,5 7 11 21 30 34 36 37,3 29,,archive
45,2015-09-20,2 4 5 6 10 25 29 37,12 17,,archive
46,2015-09-21,4 22 23 25 27 33 35 36,2 17,,archive
47,2015-09-22,2 4 9 13 30 31 34 36,12 22,,archive
48,2015-09-23,1 4 14 16 17 22 30 31,12 21,,archive
49,2015-09-24,5 9 13 17 20 27 34 36,2 4,,archive
50,2015-09-25,1 10 13 14 17 18 25 29,7 24,,archive
51,2015-09-26,2 6 8 15 27 31 35 36,4 5,,archive
52,2015-09-27,1 5 23 27 31 32 35 36,3 17,,archive
53,2015-09-28,3 10 13 14 16 18 19 27,6 8,,archive
54,2015-09-29,7 8 10 12 14 20 21 35,11 25,,archive
55,2015-09-30,4 8 13 14 23 26 31 34,28 29,,archive
56,2015-10-01,1 5 6 18 21 25 32 37,13 33,,archive
57,2015-10-02,1 3 16 17 22 24 31 32,7 12,,archive
58,2015-10-03,3 4 7 14 17 23 29 37,18 28,,archive
59,2015-10-04,5 7 12 18 23 28 31 34,6 16,,archive
60,2015-10-05,10 15 23 24 26 27 28 34,8 17,,archive
61,2015-10-06,1 5 7 8 9 13 29 36,20 25,,archive
62,2015-10-07,3 7 10 13 15 17 22 26,6 19,,archive
63,2015-10-08,2 7 11 12 13 17 18 32,4 22,,archive
64,2015-10-09,1 4 9 13 15 24 29 30,19 22,,archive
65,2015-10-10,7 14 15 20 23 26 28 31,9 19,,archive
66,2015-10-11,9 17 20 21 22 27 36 37,24 28,,archive
67,2015-10-12,1 9 11 14 22 24 28 34,5 16,,archive
68,2015-10-13,5 9 21 22 25 27 30 33,1 19,,archive
69,2015-10-14,3 4 5 21 24 27 32 33,15 34,,archive
70,2015-10-15,3 11 15 21 27 30 33 36,25 32,,archive
71,2015-10-16,5 6 8 23 26 30 33 35,22 37,,archive
72,2015-10-17,9 13 14 16 19 21 24 36,6 20,,archive
73,2015-10-18,4 10 11 19 20 27 31 34,14 29,,archive
74,2015-10-19,8 12 13 15 19 28 33 36,7 30,,archive
75,2015-10-20,2 5 10 14 16 20 21 36,11 29,,archive
76,2015-10-21,1 6 7 18 21 30 35 37,20 24,,archive
77,2015-10-22,3 10 13 16 21 23 32 37,4 25,,archive
78,2015-10-23,6 7 10 15 16 34 36 37,26 31,,archive
79,2015-10-24,13 16 17 21 24 28 29 33,6 35,,archive
80,2015-10-25,1 9 10 15 19 22 29 37,32 33,,archive
81,2015-10-26,10 17 19 23 29 32 34 35,36 37,,archive
82,2015-10-27,1 6 9 17 18 20 22 31,10 13,,archive
83,2015-10-28,4 6 10 11 25 31 32 37,13 34,,archive
84,2015-10-29,6 13 15 18 24 27 28 35,11 23,,archive
85,2015-10-30,4 11 13 21 22 23 24 35,1 5,,archive
86,2015-10-31,2 3 14 18 22 23 28 31,27 30,,archive
87,2015-11-01,1 6 7 14 19 20 24 37,26 32,,archive
88,2015-11-02,8 17 22 24 25 28 30 32,15 37,,archive
89,2015-11-03,3 7 8 9 18 19 25 32,29 33,,archive
90,2015-11-04,6 13 15 20 24 28 29 37,1 33,,archive
91,2015-11-05,7 10 15 19 25 26 31 34,23 32,,archive
92,2015-11-06,3 4 11 19 22 24 33 35,7 14,,archive
93,2015-11-07,11 15 18 21 26 27 28 32,23 33,,archive
94,2015-11-08,4 6 9 11 15 25 28 33,14 18,,archive
95,2015-11-09,9 12 16 18 19 22 26 33,2 17,,archive
96,2015-11-10,1 10 12 15 18 22 26 27,13 30,,archive
97,2015-11-11,2 5 7 9 17 22 27 35,14 31,,archive
98,2015-11-12,2 8 12 13 22 24 27 28,16 34,,archive
99,2015-11-13,6 7 8 14 18 26 31 35,20 33,,archive
100,2015-11-14,6 8 12 15 24 31 32 33,22 28,,archive
101,2015-11-15,4 7 10 18 28 31 32 34,11 24,,archive
102,2015-11-16,11 13 16 26 28 30 31 32,35 36,,archive
103,2015-11-17,13 17 23 27 28 32 34 35,3 33,,archive
104,2015-11-18,7 9 10 18 20 21 22 32,28 29,,archive
105,2015-11-19,5 6 17 21 22 26 28 33,19 25,,archive
106,2015-11-20,4 5 12 24 28 29 33 36,1 14,,archive
107,2015-11-21,10 19 22 23 24 25 26 28,4 6,,archive
108,2015-11-22,4 10 14 17 19 22 33 37,2 5,,archive
109,2015-11-23,3 7 8 11 15 24 25 31,17 27,,archive
110,2015-11-24,3 18 23 24 25 29 34 36,15 28,,archive
111,2015-11-25,3 7 18 23 25 30 31 37,10 19,,archive
112,2015-11-26,5 9 11 21 28 31 32 37,4 12,,archive
113,2015-11-27,3 11 15 21 25 32 35 37,16 19,,archive
114,2015-11-28,3 4 7 17 21 22 31 37,28 36,,archive
115,2015-11-29,4 10 12 22 24 29 34 37,19 33,,archive
116,2015-11-30,5 10 14 16 21 27 28 37,4 23,,archive
117,2015-12-01,1 3 19 25 27 31 35 36,16 29,,archive
118,2015-12-02,3 10 18 23 26 27 29 33,13 25,,archive
119,2015-12-03,1 5 8 12 18 19 21 24,6 35,,archive
120,2015-12-04,2 8 12 23 24 25 29 31,13 30,,archive
121,2015-12-05,4 7 8 16 17 19 23 30,12 13,,archive
122,2015-12-06,8 13 17 27 28 31 35 36,5 37,,archive
123,2015-12-07,2 4 9 15 16 27 28 30,26 31,,archive
124,2015-12-08,1 6 14 16 21 22 23 32,26 29,,archive
125,2015-12-09,9 15 19 24 27 28 36 37,4 34,,archive
126,2015-12-10,4 5 7 16 25 27 28 33,3 24,,archive
127,2015-12-11,2 7 17 23 25 26 27 35,24 28,,archive
128,2015-12-12,3 6 10 11 22 27 30 33,13 32,,archive
129,2015-12-13,10 11 19 23 25 26 28 29,3 14,,archive
130,2015-12-14,5 7 8 13 17 20 32 36,14 22,,archive
131,2015-12-15,5 7 10 11 13 20 21 30,16 33,,archive
132,2015-12-16,2 18 22 25 29 33 35 36,21 34,,archive
133,2015-12-17,3 4 5 6 16 20 31 34,15 25,,archive
134,2015-12-18,1 5 7 10 14 15 28 30,12 19,,archive
135,2015-12-19,2 17 21 22 23 27 30 32,1 11,,archive
136,2015-12-20,1 6 10 13 24 27 28 32,3 16,,archive
137,2015-12-21,9 11 12 17 18 27 33 36,30 37,,archive
138,2015-12-22,1 4 13 15 17 24 34 35,32 36,,archive
139,2015-12-23,4 11 13 16 18 23 27 33,3 24,,archive
140,2015-12-24,2 5 21 22 26 31 33 34,3 20,,archive
141,2015-12-25,5 12 15 18 20 24 29 37,11 19,,archive
142,2015-12-26,12 14 16 18 20 29 33 36,2 34,,archive
143,2015-12-27,6 9 12 24 28 33 34 36,11 18,,archive
144,2015-12-28,8 13 17 22 26 30 34 36,10 18,,archive
145,2015-12-29,10 17 19 20 23 24 30 37,1 26,,archive
146,2015-12-30,7 13 17 21 27 29 32 35,26 34,,archive
147,2015-12-31,7 9 16 23 25 27 31 33,1 3,,archive
148,2016-01-01,5 6 7 14 18 22 34 37,9 30,,archive
149,2016-01-02,8 10 17 18 23 24 30 32,19 34,,archive
150,2016-01-03,5 9 10 17 20 22 25 35,1 13,,archive
151,2016-01-04,1 3 4 14 17 25 29 35,27 37,,archive
152,2016-01-05,5 8 12 23 27 28 34 35,24 31,,archive
153,2016-01-06,3 5 21 22 29 33 34 37,14 25,,archive
154,2016-01-07,2 7 18 26 28 33 34 36,11 35,,archive
155,2016-01-08,2 7 8 15 16 18 20 36,12 24,,archive
156,2016-01-09,3 4 8 10 13 20 25 37,19 29,,archive
157,2016-01-10,5 7 12 14 19 26 34 35,1 9,,archive
158,2016-01-11,8 9 10 17 28 29 31 35,21 22,,archive
159,2016-01-12,6 10 24 25 28 35 36 37,12 13,,archive
160,2016-01-13,1 17 19 20 21 28 31 35,24 32,,archive
161,2016-01-14,1 4 8 9 13 32 33 34,18 31,,archive
162,2016-01-15,6 7 14 16 19 24 25 37,1 20,,archive
163,2016-01-16,7 8 10 15 17 24 29 36,11 23,,archive
164,2016-01-17,4 10 12 13 21 23 24 36,16 22,,archive
165,2016-01-18,1 4 7 11 17 19 24 27,21 35,,archive
166,2016-01-19,1 2 6 16 25 27 30 37,8 12,,archive
167,2016-01-20,6 8 17 19 20 23 33 37,11 14,,archive
168,2016-01-21,1 2 11 12 15 23 30 34,19 24,,archive
169,2016-01-22,2 12 14 17 18 19 21 25,7 30,,archive
170,2016-01-23,11 12 18 19 20 32 33 36,15 25,,archive
171,2016-01-24,7 9 17 24 25 31 34 36,26 29,,archive
172,2016-01-25,3 4 7 9 19 20 27 32,5 16,,archive
173,2016-01-26,8 14 22 23 28 32 36 37,3 13,,archive
174,2016-01-27,4 10 11 19 20 26 33 37,3 31,,archive
175,2016-01-28,2 10 15 16 17 27 31 32,13 34,,archive
176,2016-01-29,11 15 16 23 25 30 34 36,22 24,,archive
177,2016-01-30,3 15 20 21 22 25 31 37,10 19,,archive
178,2016-01-31,7 15 16 18 19 21 36 37,1 13,,archive
179,2016-02-01,1 2 6 16 17 20 33 37,12 28,,archive
180,2016-02-02,1 2 3 15 17 18 24 25,33 36,,archive
181,2016-02-03,2 6 16 18 22 24 29 35,5 23,,archive
182,2016-02-04,3 5 8 9 28 31 32 35,23 33,,archive
183,2016-02-05,4 7 11 14 22 25 34 37,29 32,,archive
184,2016-02-06,2 8 13 22 23 26 27 32,5 34,,archive
185,2016-02-07,9 10 12 15 16 19 24 37,4 32,,archive
186,2016-02-08,10 18 23 26 30 31 34 36,12 24,,archive
187,2016-02-09,3 4 6 8 17 26 29 32,12 16,,archive
188,2016-02-10,2 12 19 22 30 31 33 34,5 13,,archive
189,2016-02-11,3 10 14 22 24 31 34 36,6 8,,archive
190,2016-02-12,3 4 12 16 17 24 25 32,19 20,,archive
191,2016-02-13,2 10 12 14 18 21 26 36,31 32,,archive
192,2016-02-14,1 8 10 14 16 20 28 30,33 36,,archive
193,2016-02-15,11 16 21 22 25 28 31 32,24 35,,archive
194,2016-02-16,1 4 6 9 16 27 35 37,15 28,,archive
195,2016-02-17,3 4 5 10 11 18 32 33,28 31,,archive
196,2016-02-18,3 13 15 17 18 26 27 34,25 33,,archive
197,2016-02-19,2 4 5 6 8 9 24 37,12 33,,archive
198,2016-02-20,5 11 12 13 16 18 20 22,8 25,,archive
199,2016-02-21,5 12 13 30 31 32 34 36,14 15,,archive
200,2016-02-22,1 2 4 5 8 20 23 25,9 14,,archive
201,2016-02-23,2 8 10 12 14 21 25 36,3 22,,archive
202,2016-02-24,2 14 16 18 22 23 25 29,1 24,,archive
203,2016-02-25,5 10 13 16 19 23 26 33,32 34,,archive
204,2016-02-26,1 3 9 12 13 16 23 26,4 17,,archive
205,2016-02-27,3 13 14 15 29 32 33 35,5 12,,archive
206,2016-02-28,10 11 17 18 25 27 28 31,4 32,,archive
207,2016-02-29,2 3 7 8 16 23 33 35,11 28,,archive
208,2016-03-01,2 3 7 10 11 12 17 22,9 16,,archive
209,2016-03-02,1 3 13 22 24 32 34 37,23 36,,archive
210,2016-03-03,1 9 10 13 22 24 28 35,8 23,,archive
211,2016-03-04,2 13 14 15 21 24 29 35,8 33,,archive
212,2016-03-05,9 12 21 22 23 28 31 36,5 33,,archive
213,2016-03-06,5 7 10 15 24 27 35 37,17 25,,archive
214,2016-03-07,13 15 18 25 26 28 29 37,3 17,,archive
215,2016-03-08,12 14 27 28 29 30 34 37,7 8,,archive
216,2016-03-09,1 5 9 10 24 31 34 35,19 29,,archive
217,2016-03-10,7 13 22 24 27 29 33 36,3 16,,archive
218,2016-03-11,1 16 18 26 27 31 32 35,19 24,,archive
219,2016-03-12,1 3 18 21 27 30 33 34,17 36,,archive
220,2016-03-13,5 11 17 21 22 25 28 30,19 31,,archive
221,2016-03-14,7 9 15 22 24 25 30 37,19 23,,archive
222,2016-03-15,10 12 15 18 23 29 34 36,9 21,,archive
223,2016-03-16,2 5 6 8 13 14 22 25,11 24,,archive
224,2016-03-17,7 14 17 18 22 23 25 27,29 34,,archive
225,2016-03-18,9 11 19 23 24 26 32 37,1 13,,archive
226,2016-03-19,4 10 11 16 19 28 29 37,18 30,,archive
227,2016-03-20,12 14 16 18 21 26 31 32,30 34,,archive
228,2016-03-21,2 6 7 19 27 28 32 36,18 23,,archive
229,2016-03-22,1 11 21 23 28 33 35 36,12 27,,archive
230,2016-03-23,5 8 14 18 23 26 33 36,12 34,,archive
231,2016-03-24,1 3 4 7 9 13 18 26,19 24,,archive
232,2016-03-25,15 18 26 29 30 32 33 35,13 36,,archive
233,2016-03-26,1 2 4 7 13 14 27 36,8 24,,archive
234,2016-03-27,3 5 11 13 14 19 35 37,4 12,,archive
235,2016-03-28,5 6 10 12 18 21 26 31,16 25,,archive
236,2016-03-29,1 11 13 15 17 25 33 37,3 29,,archive
237,2016-03-30,7 8 9 13 17 19 20 32,34 36,,archive
238,2016-03-31,1 3 5 27 28 29 34 36,18 26,,archive
239,2016-04-01,8 9 20 25 27 34 35 37,13 21,,archive
240,2016-04-02,1 6 13 16 17 21 32 33,5 19,,archive
241,2016-04-03,3 9 13 14 20 27 31 34,5 32,,archive
242,2016-04-04,5 9 12 17 26 28 31 37,18 23,,archive
243,2016-04-05,2 3 5 13 17 18 24 36,6 22,,archive
244,2016-04-06,2 8 17 18 20 22 33 34,4 32,,archive
245,2016-04-07,3 5 9 12 20 25 26 37,18 21,,archive
246,2016-04-08,9 13 16 20 21 27 35 37,10 31,,archive
247,2016-04-09,6 15 21 24 28 30 32 36,17 34,,archive
248,2016-04-10,2 5 8 15 17 19 33 37,22 31,,archive
249,2016-04-11,10 12 14 22 25 28 31 33,20 35,,archive
250,2016-04-12,2 12 13 18 19 21 27 29,7 32,,archive
251,2016-04-13,5 6 7 10 16 24 29 37,13 27,,archive
252,2016-04-14,2 11 16 17 22 24 31 36,20 32,,archive
253,2016-04-15,1 5 9 11 15 22 27 37,20 28,,archive
254,2016-04-16,4 8 10 13 15 23 26 29,1 5,,archive
255,2016-04-17,6 8 9 27 28 29 30 36,18 23,,archive
256,2016-04-18,8 9 14 23 27 32 33 37,6 7,,archive
257,2016-04-19,5 9 18 19 22 26 36 37,24 29,,archive
258,2016-04-20,1 3 8 9 13 17 29 34,5 30,,archive
259,2016-04-21,5 10 14 17 20 29 30 31,3 32,,archive
260,2016-04-22,2 6 10 17 18 19 24 26,25 28,,archive
261,2016-04-23,5 8 9 11 12 31 32 33,27 30,,archive
262,2016-04-24,3 8 10 12 20 22 25 30,7 11,,archive
263,2016-04-25,2 3 19 22 25 26 31 34,6 15,,archive
264,2016-04-26,9 12 21 26 30 32 33 36,5 22,,archive
265,2016-04-27,3 7 11 23 26 29 33 34,8 12,,archive
266,2016-04-28,7 13 17 24 27 32 36 37,5 33,,archive
267,2016-04-29,2 6 19 23 26 30 31 36,16 32,,archive
268,2016-04-30,4 7 11 17 22 23 25 30,24 37,,archive
269,2016-05-01,2 4 8 11 15 19 24 31,1 5,,archive
270,2016-05-02,4 6 9 13 21 23 30 31,15 19,,archive
271,2016-05-03,2 4 5 9 22 23 27 28,12 16,,archive
272,2016-05-04,5 6 12 16 25 27 29 32,19 23,,archive
273,2016-05-05,2 10 11 13 24 31 34 37,19 23,,archive
274,2016-05-06,6 8 10 14 17 18 20 25,9 36,,archive
275,2016-05-07,7 8 13 19 28 30 35 36,10 33,,archive
276,2016-05-08,3 8 9 11 19 23 25 29,14 21,,archive
277,2016-05-09,1 3 6 17 19 21 22 32,2 37,,archive
278,2016-05-10,1 5 13 14 25 29 34 37,2 7,,archive
279,2016-05-11,7 8 13 18 22 23 34 37,2 30,,archive
280,2016-05-12,6 8 9 16 25 29 31 33,24 34,,archive
281,2016-05-13,6 12 14 15 16 26 28 30,13 31,,archive
282,2016-05-14,1 3 13 17 21 22 31 35,12 16,,archive
283,2016-05-15,8 14 19 20 22 25 31 36,34 37,,archive
284,2016-05-16,8 15 25 29 31 33 34 35,10 14,,archive
285,2016-05-17,1 7 16 19 20 21 29 34,4 6,,archive
286,2016-05-18,14 20 22 24 27 31 36 37,3 4,,archive
287,2016-05-19,4 5 14 18 23 24 32 33,13 36,,archive
288,2016-05-20,5 6 8 9 14 20 28 34,18 23,,archive
289,2016-05-21,3 4 6 10 18 23 26 35,15 27,,archive
290,2016-05-22,15 16 19 20 21 22 34 37,1 13,,archive
291,2016-05-23,3 12 17 26 28 31 36 37,5 35,,archive
292,2016-05-24,9 13 18 21 24 30 33 34,1 10,,archive
293,2016-05-25,2 5 9 11 13 14 16 24,8 37,,archive
294,2016-05-26,10 13 15 18 19 20 33 35,5 29,,archive
295,2016-05-27,6 8 9 17 20 30 35 36,3 34,,archive
296,2016-05-28,2 5 10 16 19 24 31 37,13 29,,archive
297,2016-05-29,8 12 14 18 23 24 34 37,6 30,,archive
298,2016-05-30,1 9 11 15 27 29 32 34,20 37,,archive
299,2016-05-31,4 5 15 17 19 24 27 37,7 33,,archive
300,2016-06-01,9 13 16 19 27 32 33 36,22 23,,archive
301,2016-06-02,6 9 13 19 22 26 31 35,3 14,,archive
302,2016-06-03,2 13 23 26 27 33 36 37,17 20,,archive
303,2016-06-04,4 6 10 23 27 28 29 32,3 8,,archive
304,2016-06-05,1 2 18 23 26 27 29 36,4 21,,archive
305,2016-06-06,3 5 7 10 20 30 33 36,1 18,,archive
306,2016-06-07,5 11 20 24 25 27 34 37,13 23,,archive
307,2016-06-08,2 17 18 21 25 31 34 36,20 24,,archive
308,2016-06-09,1 3 9 18 22 23 31 37,17 29,,archive
309,2016-06-10,10 15 16 26 28 30 32 35,22 23,,archive
310,2016-06-11,12 13 22 23 28 30 32 33,7 25,,archive
311,2016-06-12,5 11 12 16 17 21 33 36,3 29,,archive
312,2016-06-13,9 19 21 24 28 32 34 35,1 25,,archive
313,2016-06-14,1 9 13 15 16 26 27 37,4 23,,archive
314,2016-06-15,2 5 8 14 20 24 29 31,12 17,,archive
315,2016-06-16,5 9 10 11 23 26 27 31,32 37,,archive
316,2016-06-17,7 11 13 15 20 27 30 35,5 37,,archive
317,2016-06-18,7 13 14 16 21 29 35 36,15 32,,archive
318,2016-06-19,2 3 15 16 17 18 21 31,8 11,,archive
319,2016-06-20,1 2 3 10 16 24 29 30,20 35,,archive
320,2016-06-21,12 17 22 23 24 32 34 37,2 27,,archive
321,2016-06-22,3 10 11 17 21 22 28 31,6 29,,archive
322,2016-06-23,10 11 14 15 16 22 33 35,13 27,,archive
323,2016-06-24,1 4 6 7 8 18 25 31,27 36,,archive
324,2016-06-25,8 14 16 19 25 26 27 28,1 9,,archive
325,2016-06-26,1 4 16 17 22 25 31 33,7 9,,archive
326,2016-06-27,10 13 15 16 17 19 21 35,5 20,,archive
327,2016-06-28,3 5 18 23 24 27 28 31,13 17,,archive
328,2016-06-29,1 11 12 14 18 24 25 30,3 31,,archive
329,2016-06-30,4 7 14 15 23 28 34 36,31 32,,archive
330,2016-07-01,5 14 16 19 21 22 25 34,12 30,,archive
331,2016-07-02,3 6 14 19 25 29 32 37,18 22,,archive
332,2016-07-03,2 7 18 22 26 29 30 32,10 16,,archive
333,2016-07-04,4 6 7 14 18 20 22 35,25 31,,archive
334,2016-07-05,1 3 5 19 21 24 29 33,11 12,,archive
335,2016-07-06,3 6 9 12 17 18 26 36,10 19,,archive
336,2016-07-07,1 6 7 10 24 29 34 36,20 35,,archive
337,2016-07-08,1 4 20 22 23 24 33 36,9 15,,archive
338,2016-07-09,2 12 14 16 20 23 29 36,17 34,,archive
339,2016-07-10,12 16 17 19 29 34 35 36,3 14,,archive
340,2016-07-11,1 6 16 24 27 30 34 37,14 22,,archive
341,2016-07-12,6 7 20 21 22 24 25 36,9 37,,archive
342,2016-07-13,1 7 10 14 19 25 26 27,20 35,,archive
343,2016-07-14,10 18 20 24 26 29 31 32,13 14,,archive
344,2016-07-15,4 5 9 21 23 26 27 35,1 13,,archive
345,2016-07-16,2 11 13 18 22 27 31 32,8 35,,archive
346,2016-07-17,9 11 15 16 19 27 28 34,13 26,,archive
347,2016-07-18,3 4 5 11 16 24 28 37,6 14,,archive
348,2016-07-19,4 7 12 13 15 20 24 28,19 22,,archive
349,2016-07-20,9 16 20 26 28 30 33 37,19 21,,archive
350,2016-07-21,6 7 8 16 24 25 27 30,11 19,,archive
351,2016-07-22,6 8 19 28 29 32 33 37,16 34,,archive
352,2016-07-23,17 19 20 28 30 32 33 35,12 18,,archive
353,2016-07-24,4 5 17 18 20 29 30 36,14 34,,archive
354,2016-07-25,3 4 11 12 14 27 29 35,13 19,,archive
355,2016-07-26,7 8 15 18 20 21 24 29,30 37,,archive
356,2016-07-27,4 6 7 8 22 30 31 33,1 12,,archive
357,2016-07-28,9 18 19 22 29 32 34 37,10 14,,archive
358,2016-07-29,2 3 5 6 12 14 19 27,20 28,,archive
359,2016-07-30,2 4 16 18 19 24 35 36,3 13,,archive
360,2016-07-31,6 9 12 14 23 27 28 33,4 26,,archive
361,2016-08-01,8 10 15 22 23 24 28 33,9 26,,archive
362,2016-08-02,5 7 10 11 17 20 22 34,1 19,,archive
363,2016-08-03,1 4 5 9 15 17 28 31,30 32,,archive
364,2016-08-04,2 8 11 12 13 26 27 33,15 37,,archive
365,2016-08-05,1 3 5 16 23 24 27 32,4 31,,archive
366,2016-08-06,4 5 8 10 19 23 27 36,11 13,,archive
367,2016-08-07,1 8 11 20 25 30 33 36,18 21,,archive
368,2016-08-08,1 11 14 15 22 27 34 36,29 35,,archive
369,2016-08-09,4 5 6 18 19 26 27 34,9 31,,archive
370,2016-08-10,1 11 13 17 20 24 26 32,6 12,,archive
371,2016-08-11,3 5 8 10 12 17 25 29,4 26,,archive
372,2016-08-12,4 6 7 9 11 18 20 25,10 24,,archive
373,2016-08-13,7 8 15 17 20 30 31 34,13 37,,archive
374,2016-08-14,3 12 17 20 31 33 34 36,14 25,,archive
375,2016-08-15,1 3 9 14 16 18 27 30,17 33,,archive
376,2016-08-16,1 7 14 16 24 27 30 34,5 37,,archive
377,2016-08-17,9 14 15 16 20 31 32 33,10 23,,archive
378,2016-08-18,5 6 9 18 19 25 34 36,3 27,,archive
379,2016-08-19,2 4 12 13 17 24 31 32,7 16,,archive
380,2016-08-20,1 4 8 19 21 26 35 37,33 36,,archive
381,2016-08-21,5 8 15 17 21 24 27 34,13 26,,archive
382,2016-08-22,2 4 7 10 13 21 32 36,12 35,,archive
383,2016-08-23,5 13 20 21 27 28 32 33,11 37,,archive
384,2016-08-24,7 11 14 17 23 28 30 37,4 18,,archive
385,2016-08-25,6 9 12 28 34 35 36 37,16 19,,archive
386,2016-08-26,4 5 9 10 11 13 27 34,14 33,,archive
387,2016-08-27,14 16 20 22 23 24 34 36,5 28,,archive
388,2016-08-28,1 5 8 10 15 19 28 31,6 9,,archive
389,2016-08-29,3 10 15 18 21 24 36 37,2 28,,archive
390,2016-08-30,5 6 8 16 21 29 31 35,28 33,,archive
391,2016-08-31,3 4 8 15 17 19 26 36,10 33,,archive
392,2016-09-01,2 4 5 8 12 23 34 35,22 27,,archive
393,2016-09-02,8 12 16 19 25 35 36 37,6 32,,archive
394,2016-09-03,5 14 16 19 23 27 33 35,1 2,,archive
395,2016-09-04,4 12 17 22 24 29 33 34,14 28,,archive
396,2016-09-05,1 3 11 12 15 29 31 34,13 36,,archive
397,2016-09-06,8 11 14 15 24 25 27 31,13 26,,archive
398,2016-09-07,4 6 9 13 15 18 29 37,24 35,,archive
399,2016-09-08,4 5 6 9 11 19 22 24,7 27,,archive
400,2016-09-09,2 6 7 8 9 16 19 32,17 20,,archive
401,2016-09-10,2 9 14 15 17 33 36 37,1 8,,archive
402,2016-09-11,2 18 22 27 29 33 36 37,15 32,,archive
403,2016-09-12,3 4 6 8 20 22 25 31,10 19,,archive
404,2016-09-13,7 10 19 22 25 28 32 33,4 24,,archive
405,2016-09-14,4 10 13 16 21 25 26 37,1 35,,archive
406,2016-09-15,4 10 15 25 26 31 33 36,17 24,,archive
407,2016-09-16,8 16 17 20 23 26 35 37,14 24,,archive
408,2016-09-17,7 11 13 25 26 27 32 37,10 20,,archive
409,2016-09-18,3 6 12 20 27 31 35 36,23 30,,archive
410,2016-09-19,5 18 19 22 24 25 28 36,27 35,,archive
411,2016-09-20,2 4 11 14 19 22 23 36,6 34,,archive
412,2016-09-21,12 14 19 20 21 30 31 32,4 28,,archive
413,2016-09-22,2 4 8 16 18 19 23 37,5 9,,archive
414,2016-09-23,7 16 20 26 28 29 31 33,25 36,,archive
415,2016-09-24,4 5 16 21 25 29 31 34,7 8,,archive
416,2016-09-25,1 2 4 14 15 17 22 36,11 29,,archive
417,2016-09-26,3 12 14 20 22 27 33 36,10 34,,archive
418,2016-09-27,6 9 10 15 33 34 36 37,11 31,,archive
419,2016-09-28,2 7 17 18 23 30 33 36,14 29,,archive
420,2016-09-29,1 5 16 18 22 23 32 33,19 20,,archive
421,2016-09-30,2 11 12 26 28 29 34 35,14 20,,archive
422,2016-10-01,7 9 11 13 23 30 34 35,24 37,,archive
423,2016-10-02,1 14 28 30 31 33 35 36,4 15,,archive
424,2016-10-03,5 8 10 15 16 18 19 34,14 29,,archive
425,2016-10-04,3 5 12 16 21 22 24 37,6 31,,archive
426,2016-10-05,6 9 10 15 18 19 26 34,20 37,,archive
427,2016-10-06,2 9 10 13 17 18 19 23,15 20,,archive
428,2016-10-07,3 11 14 15 18 31 32 36,12 13,,archive
429,2016-10-08,2 12 14 18 19 20 23 31,6 26,,archive
430,2016-10-09,5 8 23 29 30 31 32 33,12 22,,archive
431,2016-10-10,2 11 14 16 17 31 34 35,5 19,,archive
432,2016-10-11,2 10 12 16 17 23 32 36,8 24,,archive
433,2016-10-12,3 5 9 18 20 26 28 30,19 32,,archive
434,2016-10-13,4 6 12 25 28 31 36 37,17 21,,archive
435,2016-10-14,6 13 18 21 28 30 32 36,16 17,,archive
436,2016-10-15,2 7 8 9 20 25 33 37,10 24,,archive
437,2016-10-16,1 3 16 20 24 32 36 37,10 29,,archive
438,2016-10-17,3 7 11 16 19 25 34 35,14 24,,archive
439,2016-10-18,4 17 19 22 28 30 31 36,9 37,,archive
440,2016-10-19,5 9 10 11 14 17 29 31,13 26,,archive
441,2016-10-20,10 16 20 25 32 33 36 37,3 8,,archive
442,2016-10-21,2 4 5 9 17 23 29 36,15 16,,archive
443,2016-10-22,9 10 12 14 17 25 26 28,11 16,,archive
444,2016-10-23,4 10 14 16 18 27 32 36,17 34,,archive
445,2016-10-24,4 5 6 21 24 27 28 31,13 15,,archive
446,2016-10-25,12 17 23 24 25 29 34 35,11 31,,archive
447,2016-10-26,10 14 16 22 28 30 31 36,23 34,,archive
448,2016-10-27,4 7 16 18 19 22 29 36,1 34,,archive
449,2016-10-28,4 6 12 20 24 26 29 32,15 18,,archive
450,2016-10-29,2 7 12 20 27 33 34 37,24 29,,archive
451,2016-10-30,3 4 12 21 22 29 36 37,8 31,,archive
452,2016-10-31,1 3 12 23 24 25 27 36,29 31,,archive
453,2016-11-01,6 9 15 19 26 27 35 37,5 13,,archive
454,2016-11-02,1 6 8 19 25 28 32 33,12 34,,archive
455,2016-11-03,7 10 17 23 28 32 35 37,18 19,,archive
456,2016-11-04,1 2 6 10 19 20 22 24,27 30,,archive
457,2016-11-05,1 7 11 13 14 19 33 37,27 32,,archive
458,2016-11-06,8 9 14 18 23 24 32 37,25 27,,archive
459,2016-11-07,9 11 12 16 18 20 25 27,28 35,,archive
460,2016-11-08,10 12 18 21 22 31 36 37,15 32,,archive
461,2016-11-09,5 7 12 14 15 17 26 30,23 37,,archive
462,2016-11-10,12 23 26 27 30 32 33 36,16 35,,archive
463,2016-11-11,11 12 16 17 19 23 24 32,7 29,,archive
464,2016-11-12,12 15 19 22 24 30 31 33,8 28,,archive
465,2016-11-13,3 6 12 23 24 26 27 33,2 11,,archive
466,2016-11-14,10 11 13 21 24 25 35 36,31 33,,archive
467,2016-11-15,6 11 12 17 19 21 31 36,26 33,,archive
468,2016-11-16,1 9 11 12 21 29 30 34,32 35,,archive
469,2016-11-17,3 4 15 17 18 19 34 35,6 24,,archive
470,2016-11-18,1 5 6 17 33 34 36 37,2 15,,archive
471,2016-11-19,5 6 7 15 17 24 29 36,13 30,,archive
472,2016-11-20,1 3 9 12 15 16 22 28,8 10,,archive
473,2016-11-21,5 6 7 10 17 23 26 28,13 29,,archive
474,2016-11-22,5 11 12 15 20 24 33 35,3 7,,archive
475,2016-11-23,1 6 12 18 24 26 28 33,9 16,,archive
476,2016-11-24,2 5 14 17 20 30 32 36,9 24,,archive
477,2016-11-25,3 5 9 10 14 16 18 20,8 12,,archive
478,2016-11-26,1 5 6 19 21 26 32 35,12 20,,archive
479,2016-11-27,1 4 12 19 21 22 28 33,14 27,,archive
480,2016-11-28,4 10 14 17 18 21 27 36,11 34,,archive
481,2016-11-29,2 3 5 22 26 29 31 36,24 25,,archive
482,2016-11-30,5 8 11 13 15 16 17 30,20 35,,archive
483,2016-12-01,1 3 10 17 19 21 25 26,9 36,,archive
484,2016-12-02,2 3 12 19 20 24 28 33,1 18,,archive
485,2016-12-03,1 7 13 14 26 31 32 36,5 34,,archive
486,2016-12-04,4 6 15 18 21 23 27 36,9 19,,archive
487,2016-12-05,5 6 9 10 19 25 29 33,4 14,,archive
488,2016-12-06,3 5 13 19 23 26 33 35,15 36,,archive
489,2016-12-07,2 4 9 13 16 22 28 35,10 27,,archive
490,2016-12-08,1 9 11 22 24 27 28 36,15 35,,archive
491,2016-12-09,3 21 22 25 29 30 31 36,10 24,,archive
492,2016-12-10,7 9 18 20 22 29 33 36,10 24,,archive
493,2016-12-11,4 16 20 23 25 27 30 37,6 19,,archive
494,2016-12-12,1 9 16 19 20 28 31 32,14 23,,archive
495,2016-12-13,5 15 16 18 19 25 29 32,22 30,,archive
496,2016-12-14,4 5 10 11 12 17 22 23,25 35,,archive
497,2016-12-15,3 5 8 10 17 32 35 36,12 29,,archive
498,2016-12-16,3 10 24 25 29 30 33 36,1 17,,archive
499,2016-12-17,2 4 7 16 22 26 32 34,5 21,,archive
500,2016-12-18,5 8 9 10 19 20 29 30,12 22,,archive
501,2016-12-19,5 8 19 24 26 27 29 32,10 23,,archive
502,2016-12-20,1 2 8 14 24 31 36 37,19 30,,archive
503,2016-12-21,8 13 14 19 22 24 25 32,10 11,,archive
504,2016-12-22,1 6 10 15 19 26 34 35,20 32,,archive
505,2016-12-23,2 5 10 18 25 27 29 31,20 35,,archive
506,2016-12-24,1 3 7 20 33 34 35 37,4 13,,archive
507,2016-12-25,3 6 12 15 21 29 35 37,1 13,,archive
508,2016-12-26,12 14 16 21 25 28 31 37,15 30,,archive
509,2016-12-27,1 8 9 15 17 26 27 31,19 30,,archive
510,2016-12-28,2 8 10 12 17 22 28 31,9 37,,archive
511,2016-12-29,4 5 9 12 14 17 21 35,11 37,,archive
512,2016-12-30,12 13 17 19 22 26 29 30,15 35,,archive
513,2016-12-31,1 8 15 16 17 26 27 37,12 29,,archive
514,2017-01-01,8 9 10 17 20 21 24 34,28 31,,archive
515,2017-01-02,6 13 16 18 19 26 32 33,4 28,,archive
516,2017-01-03,1 9 11 12 16 17 22 33,21 31,,archive
517,2017-01-04,3 4 8 14 15 18 21 35,25 37,,archive
518,2017-01-05,2 4 6 9 16 18 20 22,3 30,,archive
519,2017-01-06,12 14 19 26 30 31 35 37,10 20,,archive
520,2017-01-07,7 8 20 23 25 31 33 36,1 14,,archive
521,2017-01-08,1 3 11 12 13 21 25 36,5 9,,archive
522,2017-01-09,3 5 7 9 13 16 29 30,28 36,,archive
523,2017-01-10,9 14 15 18 24 29 35 37,2 26,,archive
524,2017-01-11,6 12 13 22 26 28 29 30,18 34,,archive
525,2017-01-12,7 14 20 27 28 33 34 37,3 21,,archive
526,2017-01-13,3 12 14 17 18 24 31 32,13 36,,archive
527,2017-01-14,4 12 16 23 24 29 36 37,6 11,,archive
528,2017-01-15,2 4 8 9 19 21 33 34,25 35,,archive
529,2017-01-16,3 10 16 17 26 29 33 35,2 8,,archive
530,2017-01-17,11 15 18 19 22 23 29 33,4 27,,archive
531,2017-01-18,2 4 6 8 15 21 28 37,14 27,,archive
532,2017-01-19,3 8 11 12 21 27 30 37,5 24,,archive
533,2017-01-20,1 3 7 11 18 23 27 36,2 29,,archive
534,2017-01-21,1 3 4 19 24 27 30 36,23 25,,archive
535,2017-01-22,3 5 9 12 18 21 31 35,1 7,,archive
536,2017-01-23,1 2 3 6 15 19 28 32,26 37,,archive
537,2017-01-24,6 9 10 17 18 27 31 33,32 37,,archive
538,2017-01-25,2 3 17 26 30 34 35 37,1 5,,archive
539,2017-01-26,3 6 7 8 11 14 18 27,9 29,,archive
540,2017-01-27,6 15 16 17 22 28 29 30,25 34,,archive
541,2017-01-28,1 9 12 13 15 23 26 32,33 35,,archive
542,2017-01-29,8 9 16 20 24 25 34 36,26 35,,archive
543,2017-01-30,4 8 11 14 22 25 30 37,13 29,,archive
544,2017-01-31,1 2 3 7 9 10 20 33,4 37,,archive
545,2017-02-01,3 4 21 27 28 29 31 34,7 19,,archive
546,2017-02-02,1 5 6 9 17 18 31 32,7 29,,archive
547,2017-02-03,6 10 11 12 19 21 25 36,28 29,,archive
548,2017-02-04,11 14 17 22 23 26 28 33,3 27,,archive
549,2017-02-05,2 3 5 12 25 26 31 35,21 32,,archive
550,2017-02-06,4 5 7 10 18 25 27 29,8 28,,archive
551,2017-02-07,7 10 11 19 20 28 35 37,16 32,,archive
552,2017-02-08,2 5 14 16 17 21 35 37,9 29,,archive
553,2017-02-09,3 5 7 8 21 22 27 30,18 33,,archive
554,2017-02-10,4 5 7 8 9 10 32 37,11 18,,archive
555,2017-02-11,1 5 6 10 21 30 34 37,20 29,,archive
556,2017-02-12,5 8 12 15 23 24 31 35,11 13,,archive
557,2017-02-13,2 3 9 11 19 23 27 30,10 18,,archive
558,2017-02-14,5 7 13 16 20 24 31 34,15 18,,archive
559,2017-02-15,3 4 7 8 17 19 20 36,13 24,,archive
560,2017-02-16,9 12 14 19 26 30 35 36,7 37,,archive
561,2017-02-17,5 7 14 19 23 26 28 36,6 24,,archive
562,2017-02-18,6 8 12 20 21 27 31 35,1 37,,archive
563,2017-02-19,2 12 16 19 23 29 34 35,3 28,,archive
564,2017-02-20,4 6 10 17 22 26 29 32,14 28,,archive
565,2017-02-21,1 4 17 27 28 32 33 34,15 22,,archive
566,2017-02-22,3 4 8 16 20 23 24 27,6 36,,archive
567,2017-02-23,7 9 17 23 25 26 27 33,14 32,,archive
568,2017-02-24,5 8 9 11 19 29 32 35,6 31,,archive
569,2017-02-25,5 17 18 21 27 30 32 37,7 15,,archive
570,2017-02-26,1 9 16 17 18 23 27 31,7 8,,archive
571,2017-02-27,4 5 10 11 24 27 29 35,9 15,,archive
572,2017-02-28,4 9 19 22 30 32 36 37,31 35,,archive
573,2017-03-01,6 10 11 12 17 28 34 35,7 31,,archive
574,2017-03-02,2 5 7 13 21 29 31 34,15 32,,archive
575,2017-03-03,3 10 12 20 21 25 26 32,23 29,,archive
576,2017-03-04,3 6 7 10 11 13 18 33,1 15,,archive
577,2017-03-05,2 6 7 20 26 29 32 34,15 35,,archive
578,2017-03-06,5 12 16 20 21 22 24 33,4 7,,archive
579,2017-03-07,2 5 6 7 14 17 27 28,16 29,,archive
580,2017-03-08,8 9 13 17 29 31 36 37,18 23,,archive
581,2017-03-09,4 9 10 12 13 21 25 34,15 18,,archive
582,2017-03-10,1 10 11 19 28 33 34 36,8 26,,archive
583,2017-03-11,3 6 9 10 13 16 23 33,20 37,,archive
584,2017-03-12,3 7 13 14 16 21 28 35,24 30,,archive
585,2017-03-13,1 6 10 29 33 35 36 37,26 34,,archive
586,2017-03-14,3 6 19 20 23 31 35 37,1 29,,archive
587,2017-03-15,10 11 14 21 22 27 28 30,17 34,,archive
588,2017-03-16,7 8 12 15 21 31 33 36,13 25,,archive
589,2017-03-17,5 7 9 13 22 26 27 31,16 21,,archive
590,2017-03-18,1 8 9 11 18 27 32 34,17 33,,archive
591,2017-03-19,5 6 12 13 19 22 25 35,10 17,,archive
592,2017-03-20,4 5 12 15 25 27 35 36,8 17,,archive
593,2017-03-21,4 7 12 18 25 26 27 28,5 32,,archive
594,2017-03-22,1 2 4 14 16 17 28 34,22 27,,archive
595,2017-03-23,3 4 10 11 17 18 24 35,8 21,,archive
596,2017-03-24,9 13 14 17 20 23 29 34,4 15,,archive
597,2017-03-25,7 9 10 11 28 29 33 35,17 32,,archive
598,2017-03-26,10 11 13 20 26 31 33 34,5 30,,archive
599,2017-03-27,3 6 8 13 17 22 28 36,7 34,,archive
600,2017-03-28,2 3 6 10 12 18 21 34,31 32,,archive
601,2017-03-29,9 11 12 13 23 24 30 35,32 36,,archive
602,2017-03-30,2 10 17 22 23 24 26 33,15 30,,archive
603,2017-03-31,5 6 11 16 17 21 25 35,4 14,,archive
604,2017-04-01,2 3 4 14 17 26 29 36,9 11,,archive
605,2017-04-02,10 11 16 18 24 28 30 34,19 25,,archive
606,2017-04-03,3 8 10 11 18 19 26 37,20 25,,archive
607,2017-04-04,4 6 11 15 17 20 28 34,5 35,,archive
608,2017-04-05,4 5 11 18 21 29 30 33,26 34,,archive
609,2017-04-06,3 7 13 19 20 25 28 31,15 16,,archive
610,2017-04-07,15 22 24 25 29 31 35 36,10 19,,archive
611,2017-04-08,2 4 6 10 28 29 32 33,8 23,,archive
612,2017-04-09,1 7 16 22 24 32 35 37,5 27,,archive
613,2017-04-10,3 4 5 9 10 13 23 30,2 16,,archive
614,2017-04-11,6 7 8 18 23 25 29 35,22 37,,archive
615,2017-04-12,5 16 21 26 27 29 31 36,4 24,,archive
616,2017-04-13,5 12 17 20 22 30 33 34,3 35,,archive
617,2017-04-14,1 5 8 13 22 25 28 31,2 6,,archive
618,2017-04-15,7 14 20 21 24 33 36 37,6 27,,archive
619,2017-04-16,2 8 14 20 25 26 27 33,7 17,,archive
620,2017-04-17,1 2 9 10 17 20 29 32,24 31,,archive
621,2017-04-18,1 6 10 14 15 26 28 34,21 29,,archive
622,2017-04-19,2 10 16 25 29 30 34 37,20 31,,archive
623,2017-04-20,2 6 7 8 26 32 34 37,1 10,,archive
624,2017-04-21,8 16 17 18 20 28 30 37,15 23,,archive
625,2017-04-22,1 2 3 6 15 17 22 23,5 18,,archive
626,2017-04-23,4 17 18 25 26 28 33 37,2 31,,archive
627,2017-04-24,6 9 11 16 19 21 23 37,28 33,,archive
628,2017-04-25,1 12 14 20 21 22 28 30,2 8,,archive
629,2017-04-26,11 12 15 21 23 29 30 33,10 25,,archive
630,2017-04-27,2 10 11 19 21 24 28 36,12 18,,archive
631,2017-04-28,1 3 4 7 13 14 19 37,10 31,,archive
632,2017-04-29,1 3 13 14 23 29 33 35,11 31,,archive
633,2017-04-30,1 3 4 6 14 24 32 33,2 8,,archive
634,2017-05-01,2 5 12 14 19 20 29 34,17 32,,archive
635,2017-05-02,8 10 16 19 26 29 35 37,6 22,,archive
636,2017-05-03,6 12 14 19 23 29 32 33,34 36,,archive
637,2017-05-04,3 12 15 17 18 25 31 37,30 33,,archive
638,2017-05-05,6 16 18 21 27 28 32 33,13 34,,archive
639,2017-05-06,2 3 7 14 18 24 25 36,6 34,,archive
640,2017-05-07,4 8 10 12 19 25 29 31,3 6,,archive
641,2017-05-08,9 11 22 29 30 32 35 37,4 10,,archive
642,2017-05-09,7 9 16 18 20 23 32 37,6 8,,archive
643,2017-05-10,1 7 9 11 14 20 22 35,2 21,,archive
644,2017-05-11,3 5 6 8 21 23 27 34,14 29,,archive
645,2017-05-12,3 11 13 19 27 28 31 37,22 23,,archive
646,2017-05-13,1 4 13 19 20 24 35 37,33 34,,archive
647,2017-05-14,1 8 20 23 26 27 33 36,17 35,,archive
648,2017-05-15,2 17 19 21 24 30 36 37,10 31,,archive
649,2017-05-16,2 6 12 23 25 27 32 34,18 33,,archive
650,2017-05-17,3 7 14 16 17 27 30 35,11 28,,archive
651,2017-05-18,3 9 14 16 19 23 33 37,18 29,,archive
652,2017-05-19,1 8 17 18 24 30 32 34,22 33,,archive
653,2017-05-20,1 4 9 12 15 23 32 33,3 34,,archive
654,2017-05-21,1 4 11 14 17 20 29 35,6 15,,archive
655,2017-05-22,8 13 21 22 25 26 28 37,6 30,,archive
656,2017-05-23,5 8 10 17 21 24 27 34,23 37,,archive
657,2017-05-24,5 10 11 12 19 21 26 31,25 28,,archive
658,2017-05-25,8 11 12 13 14 16 23 37,20 21,,archive
659,2017-05-26,3 7 11 18 23 30 32 35,5 22,,archive
660,2017-05-27,3 4 10 11 13 19 21 34,26 27,,archive
661,2017-05-28,1 5 6 12 18 24 31 33,3 10,,archive
662,2017-05-29,2 3 8 10 18 25 31 33,21 28,,archive
663,2017-05-30,11 14 18 20 23 25 28 37,4 33,,archive
664,2017-05-31,2 7 10 11 14 17 34 35,27 31,,archive
665,2017-06-01,9 27 29 31 32 33 35 37,12 17,,archive
666,2017-06-02,3 11 12 13 14 26 30 37,17 36,,archive
667,2017-06-03,2 9 10 20 25 28 30 34,12 19,,archive
668,2017-06-04,5 6 8 10 20 23 25 31,28 37,,archive
669,2017-06-05,13 15 17 19 31 33 35 36,20 30,,archive
670,2017-06-06,1 3 5 7 16 19 24 28,2 20,,archive
671,2017-06-07,3 5 6 17 20 25 28 37,4 21,,archive
672,2017-06-08,6 8 14 15 21 22 32 37,9 25,,archive
673,2017-06-09,3 6 9 11 15 24 28 33,30 32,,archive
674,2017-06-10,9 12 13 14 20 24 33 36,18 37,,archive
675,2017-06-11,1 2 10 13 17 26 33 37,7 36,,archive
676,2017-06-12,2 5 9 10 13 23 28 30,6 25,,archive
677,2017-06-13,2 12 20 21 30 32 33 35,8 13,,archive
678,2017-06-14,3 4 5 10 17 30 32 35,11 31,,archive
679,2017-06-15,14 15 16 17 19 21 29 31,12 30,,archive
680,2017-06-16,12 13 15 22 27 32 33 34,3 9,,archive
681,2017-06-17,4 6 13 16 19 20 21 30,5 26,,archive
682,2017-06-18,5 10 11 14 17 23 33 37,15 32,,archive
683,2017-06-19,3 19 21 27 28 29 33 35,17 37,,archive
684,2017-06-20,5 6 7 19 26 27 28 36,3 16,,archive
685,2017-06-21,3 8 13 17 18 25 31 32,15 19,,archive
686,2017-06-22,6 9 10 14 17 22 35 37,33 34,,archive
687,2017-06-23,5 10 16 17 23 25 33 37,9 36,,archive
688,2017-06-24,9 14 17 18 29 30 33 37,1 20,,archive
689,2017-06-25,8 13 17 18 19 21 29 34,2 6,,archive
690,2017-06-26,3 17 18 19 23 30 31 36,13 33,,archive
691,2017-06-27,3 6 11 12 14 18 21 33,2 32,,archive
692,2017-06-28,8 19 21 23 27 28 30 37,7 20,,archive
693,2017-06-29,2 7 9 19 20 23 29 37,6 17,,archive
694,2017-06-30,6 9 19 20 24 27 31 33,13 36,,archive
695,2017-07-01,7 11 15 21 23 27 33 34,10 14,,archive
696,2017-07-02,4 10 15 20 22 29 31 33,14 16,,archive
697,2017-07-03,1 4 6 8 18 25 26 27,11 35,,archive
698,2017-07-04,9 10 18 19 21 26 28 36,15 25,,archive
699,2017-07-05,3 23 24 29 30 32 33 35,7 21,,archive
700,2017-07-06,3 9 11 13 16 18 24 25,19 33,,archive
701,2017-07-07,10 18 19 21 23 24 28 32,20 25,,archive
702,2017-07-08,2 9 13 16 25 26 30 32,6 37,,archive
703,2017-07-09,3 4 11 16 23 25 33 35,1 15,,archive
704,2017-07-10,1 4 5 10 13 24 28 37,7 33,,archive
705,2017-07-11,6 7 22 25 27 32 34 36,10 23,,archive
706,2017-07-12,4 9 13 14 20 25 36 37,5 31,,archive
707,2017-07-13,11 13 15 18 19 21 32 36,16 25,,archive
708,2017-07-14,3 5 10 14 22 25 28 35,23 24,,archive
709,2017-07-15,4 14 18 21 23 24 32 36,28 34,,archive
710,2017-07-16,2 4 10 12 19 20 24 30,3 7,,archive
711,2017-07-17,3 4 6 9 10 19 21 28,1 36,,archive
712,2017-07-18,1 17 20 21 22 23 24 25,2 16,,archive
713,2017-07-19,7 8 26 31 32 33 35 36,20 23,,archive
714,2017-07-20,7 13 15 16 18 27 28 35,9 12,,archive
715,2017-07-21,3 12 13 24 26 29 31 35,11 37,,archive
716,2017-07-22,1 8 10 16 27 33 34 36,25 37,,archive
717,2017-07-23,9 22 25 28 29 34 36 37,8 10,,archive
718,2017-07-24,3 9 12 20 22 25 29 36,6 17,,archive
719,2017-07-25,3 4 16 17 19 20 30 34,7 22,,archive
720,2017-07-26,3 4 15 16 25 26 34 37,9 29,,archive
721,2017-07-27,2 11 12 19 20 23 31 32,17 24,,archive
722,2017-07-28,1 2 8 12 14 15 19 27,9 26,,archive
723,2017-07-29,2 5 6 9 16 19 24 25,29 36,,archive
724,2017-07-30,1 5 22 26 31 33 36 37,14 15,,archive
725,2017-07-31,7 8 11 13 14 23 29 30,12 36,,archive
726,2017-08-01,2 3 6 12 21 28 34 37,10 15,,archive
727,2017-08-02,4 9 10 13 14 30 33 37,1 36,,archive
728,2017-08-03,4 7 11 14 16 23 31 32,27 36,,archive
729,2017-08-04,1 4 6 7 12 26 28 30,3 14,,archive
730,2017-08-05,7 11 17 19 20 21 30 32,6 13,,archive
731,2017-08-06,8 14 19 21 27 28 32 36,6 12,,archive
732,2017-08-07,1 3 7 20 25 27 29 33,22 32,,archive
733,2017-08-08,2 7 8 10 12 19 21 22,9 37,,archive
734,2017-08-09,3 4 7 11 13 22 25 31,12 18,,archive
735,2017-08-10,4 10 18 25 27 28 29 34,11 36,,archive
736,2017-08-11,11 13 15 23 26 31 34 35,3 14,,archive
737,2017-08-12,1 4 5 7 9 15 22 34,17 37,,archive
738,2017-08-13,8 11 12 18 20 25 32 36,6 13,,archive
739,2017-08-14,2 6 19 22 26 30 31 36,13 14,,archive
740,2017-08-15,14 15 16 17 23 29 31 33,8 34,,archive
741,2017-08-16,3 13 15 20 21 23 31 37,7 10,,archive
742,2017-08-17,8 12 15 17 18 27 31 33,2 14,,archive
743,2017-08-18,9 17 22 24 26 27 32 33,13 16,,archive
744,2017-08-19,1 3 9 13 14 18 24 26,15 36,,archive
745,2017-08-20,1 2 3 14 17 30 35 37,33 36,,archive
746,2017-08-21,4 6 7 9 10 23 33 36,24 27,,archive
747,2017-08-22,3 5 8 17 22 23 30 32,21 33,,archive
748,2017-08-23,1 4 5 7 14 18 19 20,10 15,,archive
749,2017-08-24,4 8 9 12 24 27 28 32,6 37,,archive
750,2017-08-25,9 15 21 23 25 27 31 34,6 18,,archive
751,2017-08-26,6 11 14 25 27 28 30 36,12 32,,archive
752,2017-08-27,2 5 8 9 10 16 20 26,7 36,,archive
753,2017-08-28,4 10 23 30 31 32 34 35,14 19,,archive
754,2017-08-29,5 10 12 27 29 31 35 36,24 26,,archive
755,2017-08-30,3 6 9 23 24 31 32 37,7 33,,archive
756,2017-08-31,3 7 16 19 27 30 32 37,26 28,,archive
757,2017-09-01,10 12 18 21 24 25 30 33,5 14,,archive
758,2017-09-02,1 6 7 11 12 15 17 30,4 9,,archive
759,2017-09-03,10 15 19 21 22 24 32 37,18 33,,archive
760,2017-09-04,2 10 11 12 19 30 33 37,24 32,,archive
761,2017-09-05,3 11 13 18 22 26 32 37,4 15,,archive
762,2017-09-06,2 5 6 13 16 20 26 34,17 23,,archive
763,2017-09-07,6 7 16 26 29 31 34 37,22 28,,archive
764,2017-09-08,12 15 22 25 26 31 33 36,3 28,,archive
765,2017-09-09,2 3 7 8 11 16 20 32,31 36,,archive
766,2017-09-10,8 9 12 13 15 18 20 23,4 27,,archive
767,2017-09-11,2 8 16 22 25 30 32 33,7 9,,archive
768,2017-09-12,5 8 11 14 15 19 23 32,7 12,,archive
769,2017-09-13,5 7 9 12 16 18 26 28,8 31,,archive
770,2017-09-14,5 15 19 24 25 27 29 31,7 18,,archive
771,2017-09-15,2 4 8 10 24 30 32 37,23 26,,archive
772,2017-09-16,3 7 8 11 22 24 32 33,1 27,,archive
773,2017-09-17,9 11 16 18 19 26 35 36,13 24,,archive
774,2017-09-18,11 12 13 14 15 26 34 37,5 16,,archive
775,2017-09-19,3 4 5 13 19 20 25 34,22 30,,archive
776,2017-09-20,7 13 16 21 23 26 28 32,30 37,,archive
777,2017-09-21,1 8 13 20 28 29 32 34,18 30,,archive
778,2017-09-22,5 7 14 18 21 22 26 33,3 35,,archive
779,2017-09-23,1 2 4 7 8 17 19 35,5 28,,archive
780,2017-09-24,9 15 20 22 24 27 30 35,6 34,,archive
781,2017-09-25,1 8 16 17 23 27 31 36,19 32,,archive
782,2017-09-26,1 3 12 13 20 25 34 35,26 36,,archive
783,2017-09-27,3 4 12 13 28 31 33 36,21 32,,archive
784,2017-09-28,3 4 10 13 14 23 25 30,12 29,,archive
785,2017-09-29,4 9 11 20 29 31 32 34,19 27,,archive
786,2017-09-30,8 11 14 16 17 22 27 32,4 6,,archive
787,2017-10-01,1 5 16 17 19 21 25 26,4 35,,archive
788,2017-10-02,9 13 16 18 19 22 23 26,28 32,,archive
789,2017-10-03,3 4 15 16 20 23 33 35,1 14,,archive
790,2017-10-04,3 9 13 15 19 20 25 32,4 33,,archive
791,2017-10-05,5 8 16 17 20 21 22 30,6 19,,archive
792,2017-10-06,9 15 21 23 27 28 29 35,6 12,,archive
793,2017-10-07,7 12 16 19 21 26 32 35,5 18,,archive
794,2017-10-08,2 7 12 17 19 32 33 37,6 9,,archive
795,2017-10-09,2 3 5 16 21 27 32 37,10 23,,archive
796,2017-10-10,1 5 7 17 23 27 29 37,3 15,,archive
797,2017-10-11,4 9 10 11 13 21 23 28,18 34,,archive
798,2017-10-12,2 3 10 14 22 27 30 37,21 26,,archive
799,2017-10-13,6 13 17 19 22 27 30 31,16 25,,archive
800,2017-10-14,3 5 10 15 20 25 33 36,34 35,,archive
801,2017-10-15,5 7 9 13 15 24 29 35,12 33,,archive
802,2017-10-16,5 12 16 17 26 27 35 36,14 20,,archive
803,2017-10-17,3 7 14 21 26 32 35 36,9 20,,archive
804,2017-10-18,2 14 17 19 22 28 29 31,13 37,,archive
805,2017-10-19,5 9 14 15 20 25 28 32,13 22,,archive
806,2017-10-20,1 4 6 11 12 16 18 21,5 25,,archive
807,2017-10-21,2 3 6 8 10 18 32 34,5 17,,archive
808,2017-10-22,8 9 10 17 21 23 31 32,4 11,,archive
809,2017-10-23,4 6 21 23 27 28 32 33,15 26,,archive
810,2017-10-24,2 4 12 16 20 32 35 37,9 27,,archive
811,2017-10-25,1 3 8 10 12 18 25 33,14 17,,archive
812,2017-10-26,4 5 9 11 18 25 26 35,8 16,,archive
813,2017-10-27,6 13 20 24 26 28 30 36,11 21,,archive
814,2017-10-28,3 8 9 17 21 28 32 37,10 24,,archive
815,2017-10-29,6 7 16 17 18 19 22 34,30 31,,archive
816,2017-10-30,8 12 13 14 17 24 26 27,3 28,,archive
817,2017-10-31,2 8 18 20 25 26 27 36,1 32,,archive
818,2017-11-01,4 8 12 19 20 21 23 24,6 7,,archive
819,2017-11-02,1 4 14 20 24 25 27 35,7 18,,archive
820,2017-11-03,1 4 11 18 21 27 31 37,10 33,,archive
821,2017-11-04,1 2 3 11 13 24 33 37,4 16,,archive
822,2017-11-05,6 8 9 12 16 19 23 28,2 7,,archive
823,2017-11-06,13 18 20 24 29 30 36 37,31 32,,archive
824,2017-11-07,16 18 20 23 25 26 30 36,24 29,,archive
825,2017-11-08,5 9 10 17 22 24 30 34,16 23,,archive
826,2017-11-09,6 9 11 12 14 23 35 36,2 7,,archive
827,2017-11-10,1 5 6 9 10 22 32 37,13 20,,archive
828,2017-11-11,1 6 10 14 15 25 32 33,3 9,,archive
829,2017-11-12,5 7 9 11 16 17 21 25,12 13,,archive
830,2017-11-13,2 3 5 7 26 30 32 37,10 22,,archive
831,2017-11-14,6 11 13 16 28 29 31 34,10 26,,archive
832,2017-11-15,3 5 7 11 13 15 22 30,18 19,,archive
833,2017-11-16,2 19 20 22 23 25 26 33,11 21,,archive
834,2017-11-17,4 12 17 19 20 21 36 37,24 28,,archive
835,2017-11-18,3 8 9 17 18 27 31 34,5 23,,archive
836,2017-11-19,4 8 14 18 19 20 28 33,6 24,,archive
837,2017-11-20,3 4 6 7 8 32 33 35,1 26,,archive
838,2017-11-21,8 9 11 14 24 26 28 30,6 23,,archive
839,2017-11-22,3 5 7 12 18 19 22 29,4 25,,archive
840,2017-11-23,1 15 16 18 27 28 29 34,2 35,,archive
841,2017-11-24,9 13 17 22 25 28 29 31,3 27,,archive
842,2017-11-25,2 5 15 28 30 31 32 35,9 23,,archive
843,2017-11-26,1 5 13 15 16 21 24 29,4 19,,archive
844,2017-11-27,4 6 7 10 13 15 17 30,5 33,,archive
845,2017-11-28,1 6 10 13 15 26 30 33,9 29,,archive
846,2017-11-29,1 3 8 16 26 27 32 33,4 25,,archive
847,2017-11-30,3 6 7 10 14 30 33 35,18 21,,archive
848,2017-12-01,1 10 11 18 21 27 30 36,2 6,,archive
849,2017-12-02,8 10 13 14 21 22 24 29,26 32,,archive
850,2017-12-03,1 3 11 14 20 24 27 37,19 23,,archive
851,2017-12-04,9 12 14 20 21 22 29 35,26 30,,archive
852,2017-12-05,2 4 5 14 23 25 26 29,21 37,,archive
853,2017-12-06,6 11 12 16 18 28 33 36,4 7,,archive
854,2017-12-07,10 11 12 14 23 29 34 36,13 25,,archive
855,2017-12-08,2 6 9 11 12 15 22 33,7 31,,archive
856,2017-12-09,4 6 9 15 17 19 26 33,3 8,,archive
857,2017-12-10,3 6 20 23 26 28 31 33,7 13,,archive
858,2017-12-11,3 5 8 18 26 28 29 36,24 35,,archive
859,2017-12-12,2 5 9 12 14 17 18 19,11 31,,archive
860,2017-12-13,5 7 10 11 13 14 15 30,12 29,,archive
861,2017-12-14,3 5 11 13 14 17 19 23,18 22,,archive
862,2017-12-15,3 10 11 20 21 22 28 34,13 27,,archive
863,2017-12-16,1 8 20 23 27 29 31 33,2 12,,archive
864,2017-12-17,3 10 21 23 25 28 35 36,12 13,,archive
865,2017-12-18,2 5 16 17 19 26 28 31,23 24,,archive
866,2017-12-19,9 13 21 22 27 30 35 36,12 33,,archive
867,2017-12-20,1 5 6 7 22 29 33 37,23 35,,archive
868,2017-12-21,2 6 8 9 22 23 25 27,34 35,,archive
869,2017-12-22,16 19 20 25 28 30 31 35,4 6,,archive
870,2017-12-23,4 14 18 21 22 27 32 36,5 33,,archive
871,2017-12-24,7 20 24 28 29 30 31 33,6 14,,archive
872,2017-12-25,1 2 17 25 27 30 32 34,33 36,,archive
873,2017-12-26,1 8 10 13 21 24 26 33,11 35,,archive
874,2017-12-27,1 13 14 15 16 27 30 33,4 37,,archive
875,2017-12-28,2 4 8 10 20 23 33 35,13 31,,archive
876,2017-12-29,1 5 15 22 27 28 29 32,19 31,,archive
877,2017-12-30,2 14 16 22 28 30 33 34,10 17,,archive
878,2017-12-31,1 2 3 5 7 14 15 29,36 37,,archive
879,2018-01-01,2 12 13 20 27 31 34 37,7 29,,archive
880,2018-01-02,1 12 13 20 21 23 31 35,17 34,,archive
881,2018-01-03,9 11 12 13 18 19 24 25,8 33,,archive
882,2018-01-04,6 7 12 24 27 32 35 36,18 37,,archive
883,2018-01-05,1 5 21 22 28 30 33 37,19 35,,archive
884,2018-01-06,2 9 16 23 26 28 31 33,17 25,,archive
885,2018-01-07,3 9 25 26 27 29 34 37,7 24,,archive
886,2018-01-08,2 3 5 6 13 17 22 32,9 28,,archive
887,2018-01-09,3 13 16 21 27 28 32 35,8 26,,archive
888,2018-01-10,4 10 11 14 21 23 31 32,5 18,,archive
889,2018-01-11,1 9 10 15 20 26 27 31,4 33,,archive
890,2018-01-12,1 8 11 12 20 22 31 34,16 18,,archive
891,2018-01-13,2 6 12 16 19 23 26 31,4 30,,archive
892,2018-01-14,5 15 21 24 29 30 35 37,14 31,,archive
893,2018-01-15,9 20 25 27 31 33 35 36,2 19,,archive
894,2018-01-16,11 12 15 20 23 28 30 34,7 32,,archive
895,2018-01-17,4 5 13 19 21 28 33 36,12 31,,archive
896,2018-01-18,4 5 17 20 25 30 34 37,19 21,,archive
897,2018-01-19,10 14 18 19 20 21 28 30,1 27,,archive
898,2018-01-20,15 19 23 24 25 27 33 34,13 28,,archive
899,2018-01-21,1 4 6 10 16 18 23 33,32 34,,archive
900,2018-01-22,2 5 14 20 21 23 28 33,3 17,,archive
901,2018-01-23,1 7 8 10 12 18 22 26,15 37,,archive
902,2018-01-24,1 2 15 16 18 20 21 24,13 22,,archive
903,2018-01-25,2 16 19 25 26 31 33 36,13 29,,archive
904,2018-01-26,2 3 7 9 14 20 21 31,23 27,,archive
905,2018-01-27,1 4 7 15 17 26 31 36,21 34,,archive
906,2018-01-28,6 10 11 16 21 27 36 37,25 30,,archive
907,2018-01-29,1 3 4 11 14 24 31 32,16 26,,archive
908,2018-01-30,2 8 11 12 22 27 29 35,3 30,,archive
909,2018-01-31,1 13 15 22 24 28 30 31,16 34,,archive
910,2018-02-01,1 22 25 31 32 34 35 36,7 11,,archive
911,2018-02-02,2 10 13 18 23 28 32 37,8 27,,archive
912,2018-02-03,5 6 21 22 27 32 34 35,2 28,,archive
913,2018-02-04,2 3 4 12 13 23 26 29,7 22,,archive
914,2018-02-05,3 11 24 27 28 30 34 36,6 25,,archive
915,2018-02-06,6 9 12 13 16 28 36 37,20 21,,archive
916,2018-02-07,5 9 12 15 25 27 28 31,13 33,,archive
917,2018-02-08,11 14 15 24 25 31 32 33,13 17,,archive
918,2018-02-09,5 7 13 19 25 28 33 36,9 26,,archive
919,2018-02-10,4 5 8 10 14 23 29 34,13 17,,archive
920,2018-02-11,3 4 6 9 20 24 25 30,21 32,,archive
921,2018-02-12,13 17 19 23 26 29 32 35,1 24,,archive
922,2018-02-13,2 3 4 7 9 21 22 33,11 15,,archive
923,2018-02-14,1 2 8 9 10 18 25 34,3 37,,archive
924,2018-02-15,9 10 12 18 25 28 34 35,2 21,,archive
925,2018-02-16,4 13 17 25 26 33 34 35,23 28,,archive
926,2018-02-17,3 6 7 16 18 19 26 32,5 14,,archive
927,2018-02-18,1 4 21 22 25 27 33 35,17 24,,archive
928,2018-02-19,4 9 12 13 19 20 30 32,29 33,,archive
929,2018-02-20,3 8 9 11 19 22 24 36,27 34,,archive
930,2018-02-21,4 15 17 20 21 24 27 35,11 37,,archive
931,2018-02-22,11 12 18 19 20 25 30 33,23 31,,archive
932,2018-02-23,5 9 12 18 19 27 30 32,31 36,,archive
933,2018-02-24,1 2 5 8 10 17 22 27,12 25,,archive
934,2018-02-25,4 9 10 12 17 28 29 36,2 22,,archive
935,2018-02-26,3 4 11 14 15 16 20 35,6 7,,archive
936,2018-02-27,4 5 13 20 21 30 32 37,2 19,,archive
937,2018-02-28,4 14 22 25 27 28 30 36,21 26,,archive
938,2018-03-01,5 7 10 11 14 25 26 35,33 34,,archive
939,2018-03-02,1 5 12 16 26 27 28 35,6 29,,archive
940,2018-03-03,3 4 9 11 14 15 30 36,6 25,,archive
941,2018-03-04,18 21 24 27 28 31 35 36,9 26,,archive
942,2018-03-05,5 6 8 11 14 15 20 31,16 23,,archive
943,2018-03-06,2 5 7 9 13 25 26 33,23 35,,archive
944,2018-03-07,1 6 14 16 18 20 29 37,9 33,,archive
945,2018-03-08,2 3 10 24 26 33 35 37,12 17,,archive
946,2018-03-09,3 8 17 18 30 31 35 36,22 27,,archive
947,2018-03-10,4 15 27 29 31 35 36 37,28 30,,archive
948,2018-03-11,2 8 17 19 25 29 32 34,28 33,,archive
949,2018-03-12,4 6 13 15 23 27 29 32,5 31,,archive
950,2018-03-13,7 8 14 15 17 21 26 30,2 19,,archive
951,2018-03-14,2 5 13 16 17 30 32 37,20 31,,archive
952,2018-03-15,5 6 15 17 20 30 31 36,19 29,,archive
953,2018-03-16,6 8 21 23 26 30 34 36,14 33,,archive
954,2018-03-17,1 2 4 9 11 17 20 33,14 19,,archive
955,2018-03-18,2 9 10 12 17 19 25 27,5 8,,archive
956,2018-03-19,5 9 10 18 21 23 26 33,17 37,,archive
957,2018-03-20,3 4 7 15 24 25 27 37,10 20,,archive
958,2018-03-21,1 6 10 17 22 29 31 34,26 33,,archive
959,2018-03-22,5 6 8 9 10 19 23 35,29 33,,archive
960,2018-03-23,7 17 18 20 23 25 29 32,3 31,,archive
961,2018-03-24,1 3 13 14 23 31 34 35,10 22,,archive
962,2018-03-25,14 16 20 21 24 29 30 32,19 37,,archive
963,2018-03-26,4 5 12 13 15 31 36 37,16 28,,archive
964,2018-03-27,5 14 17 24 28 31 35 37,1 32,,archive
965,2018-03-28,9 10 22 25 29 33 34 35,11 15,,archive
966,2018-03-29,6 11 12 17 26 27 31 36,2 37,,archive
967,2018-03-30,7 8 9 12 17 26 30 36,1 37,,archive
968,2018-03-31,4 5 8 13 15 17 19 33,1 11,,archive
969,2018-04-01,4 6 11 19 24 30 32 34,7 8,,archive
970,2018-04-02,3 5 19 21 29 33 35 37,27 34,,archive
971,2018-04-03,2 4 13 17 19 21 23 33,30 32,,archive
972,2018-04-04,4 6 11 21 24 32 35 36,13 23,,archive
973,2018-04-05,4 6 8 9 12 14 27 29,17 37,,archive
974,2018-04-06,11 14 17 21 28 33 34 37,32 35,,archive
975,2018-04-07,10 12 13 20 23 24 33 37,18 28,,archive
976,2018-04-08,2 8 12 13 14 19 21 22,6 10,,archive
977,2018-04-09,9 11 13 18 26 27 28 34,23 35,,archive
978,2018-04-10,1 8 10 15 25 29 34 35,4 16,,archive
979,2018-04-11,3 9 12 16 17 21 29 31,5 36,,archive
980,2018-04-12,6 8 20 22 27 28 29 37,15 34,,archive
981,2018-04-13,3 7 12 15 29 30 33 36,21 34,,archive
982,2018-04-14,5 6 16 17 20 28 33 37,26 32,,archive
983,2018-04-15,5 13 19 25 26 28 29 31,16 21,,archive
984,2018-04-16,4 17 19 20 25 26 33 35,7 10,,archive
985,2018-04-17,2 7 10 15 17 18 23 37,16 19,,archive
986,2018-04-18,5 7 8 16 17 24 36 37,2 13,,archive
987,2018-04-19,5 6 17 18 22 27 30 37,12 13,,archive
988,2018-04-20,3 8 17 20 22 24 30 32,28 33,,archive
989,2018-04-21,3 4 15 18 25 26 32 34,13 19,,archive
990,2018-04-22,7 10 11 12 15 20 23 28,24 36,,archive
991,2018-04-23,4 8 15 23 25 32 34 37,1 17,,archive
992,2018-04-24,9 14 19 23 24 27 31 34,1 15,,archive
993,2018-04-25,4 9 15 22 27 34 35 37,25 33,,archive
994,2018-04-26,4 8 9 12 17 23 28 31,18 34,,archive
995,2018-04-27,6 13 17 22 24 32 34 36,28 30,,archive
996,2018-04-28,6 11 14 15 24 25 29 30,5 36,,archive
997,2018-04-29,1 4 8 12 14 22 24 28,9 13,,archive
998,2018-04-30,3 7 9 23 24 29 31 36,1 15,,archive
999,2018-05-01,1 4 5 9 24 29 33 35,2 15,,archive
1000,2018-05-02,3 9 10 11 14 17 19 33,18 32,,archive
1001,2018-05-03,1 2 3 7 18 31 32 37,33 35,,archive
1002,2018-05-04,2 7 10 22 29 31 32 37,16 18,,archive
1003,2018-05-05,5 7 11 12 18 19 23 27,26 33,,archive
1004,2018-05-06,2 3 10 11 22 24 26 31,16 34,,archive
1005,2018-05-07,9 10 14 20 25 33 35 36,5 8,,archive
1006,2018-05-08,2 16 17 26 28 33 34 36,6 22,,archive
1007,2018-05-09,2 3 7 9 21 26 27 31,6 18,,archive
1008,2018-05-10,1 5 13 17 23 26 32 35,19 36,,archive
1009,2018-05-11,9 12 18 20 21 27 30 37,6 22,,archive
1010,2018-05-12,1 2 3 12 18 24 30 34,33 36,,archive
1011,2018-05-13,2 4 6 10 13 19 22 28,26 30,,archive
1012,2018-05-14,3 4 6 7 10 30 32 34,2 15,,archive
1013,2018-05-15,1 8 13 22 26 32 34 35,6 7,,archive
1014,2018-05-16,3 7 9 10 13 21 24 31,1 8,,archive
1015,2018-05-17,3 6 11 12 22 26 32 36,5 24,,archive
1016,2018-05-18,2 4 9 14 17 20 34 35,18 26,,archive
1017,2018-05-19,5 6 16 17 23 27 30 32,12 24,,archive
1018,2018-05-20,4 5 7 11 22 23 25 26,13 29,,archive
1019,2018-05-21,11 14 16 21 23 27 34 37,3 22,,archive
1020,2018-05-22,1 2 3 9 15 16 26 34,18 29,,archive
1021,2018-05-23,4 5 21 26 27 28 29 36,10 12,,archive
1022,2018-05-24,5 7 9 14 17 23 30 33,25 29,,archive
1023,2018-05-25,1 11 18 19 25 29 30 37,28 36,,archive
1024,2018-05-26,1 8 9 24 31 34 36 37,17 25,,archive
1025,2018-05-27,2 13 14 21 24 28 34 36,30 32,,archive
1026,2018-05-28,3 6 7 9 10 17 18 36,4 22,,archive
1027,2018-05-29,2 4 7 10 24 25 30 36,20 22,,archive
1028,2018-05-30,3 6 12 14 22 24 29 34,20 28,,archive
1029,2018-05-31,2 9 13 16 22 23 29 32,5 14,,archive
1030,2018-06-01,5 7 15 16 17 20 35 37,29 36,,archive
1031,2018-06-02,1 13 14 18 21 25 27 32,2 36,,archive
1032,2018-06-03,1 10 19 25 30 31 32 37,9 24,,archive
1033,2018-06-04,8 17 19 20 26 27 28 33,4 14,,archive
1034,2018-06-05,3 6 7 15 18 20 21 34,5 26,,archive
1035,2018-06-06,5 10 17 20 24 29 31 32,36 37,,archive
1036,2018-06-07,4 8 12 14 22 32 33 34,25 28,,archive
1037,2018-06-08,1 2 4 5 7 11 30 34,24 28,,archive
1038,2018-06-09,2 5 10 12 19 20 29 35,3 28,,archive
1039,2018-06-10,3 10 14 17 20 24 30 33,12 35,,archive
1040,2018-06-11,3 7 9 13 17 23 24 27,28 37,,archive
1041,2018-06-12,1 5 15 17 22 23 29 33,7 14,,archive
1042,2018-06-13,1 4 8 11 20 24 33 36,22 37,,archive
1043,2018-06-14,1 7 9 10 23 29 30 36,15 16,,archive
1044,2018-06-15,6 9 11 15 18 19 21 30,25 26,,archive
1045,2018-06-16,9 15 24 25 28 30 35 36,16 21,,archive
1046,2018-06-17,2 7 8 14 15 17 23 26,3 34,,archive
1047,2018-06-18,2 4 8 26 27 30 34 35,19 36,,archive
1048,2018-06-19,7 8 12 13 15 16 23 33,9 10,,archive
1049,2018-06-20,5 10 11 13 14 27 30 33,6 7,,archive
1050,2018-06-21,1 3 6 7 8 10 18 22,20 21,,archive
1051,2018-06-22,1 4 9 20 24 25 27 30,21 33,,archive
1052,2018-06-23,3 13 15 17 21 24 27 34,9 31,,archive
1053,2018-06-24,1 12 20 30 31 33 34 35,5 29,,archive
1054,2018-06-25,4 7 13 14 25 26 27 31,6 34,,archive
1055,2018-06-26,5 6 12 13 17 18 20 31,2 9,,archive
1056,2018-06-27,7 12 17 29 32 33 35 36,22 23,,archive
1057,2018-06-28,8 9 10 14 15 16 19 28,22 26,,archive
1058,2018-06-29,2 6 13 16 19 22 28 30,8 10,,archive
1059,2018-06-30,5 7 17 18 20 28 32 35,2 34,,archive
1060,2018-07-01,7 12 13 15 21 29 35 37,5 19,,archive
1061,2018-07-02,1 2 3 16 18 24 28 32,17 26,,archive
1062,2018-07-03,2 4 6 7 16 19 24 32,8 30,,archive
1063,2018-07-04,5 7 10 12 23 26 31 35,2 11,,archive
1064,2018-07-05,6 11 15 20 21 25 30 37,27 31,,archive
1065,2018-07-06,7 15 19 24 25 28 31 36,4 20,,archive
1066,2018-07-07,1 9 12 15 20 22 24 35,10 17,,archive
1067,2018-07-08,8 18 21 26 29 30 32 35,12 28,,archive
1068,2018-07-09,5 16 21 22 23 24 33 34,18 37,,archive
1069,2018-07-10,5 7 18 19 26 30 31 36,23 37,,archive
1070,2018-07-11,1 5 6 11 14 19 22 31,16 23,,archive
1071,2018-07-12,11 13 16 20 21 27 32 33,1 8,,archive
1072,2018-07-13,11 13 15 22 29 33 34 36,5 25,,archive
1073,2018-07-14,4 7 8 9 13 23 30 35,2 29,,archive
1074,2018-07-15,5 9 10 12 14 27 34 36,22 31,,archive
1075,2018-07-16,2 6 12 20 26 29 30 31,22 25,,archive
1076,2018-07-17,1 12 18 19 23 28 31 34,4 5,,archive
1077,2018-07-18,2 4 6 13 18 23 24 28,5 12,,archive
1078,2018-07-19,1 4 15 17 20 23 24 32,12 37,,archive
1079,2018-07-20,2 6 7 15 21 27 32 34,29 36,,archive
1080,2018-07-21,1 2 19 21 27 30 31 33,18 36,,archive
1081,2018-07-22,8 11 13 21 22 26 31 34,1 33,,archive
1082,2018-07-23,2 4 6 15 16 22 25 27,28 34,,archive
1083,2018-07-24,8 19 21 26 27 28 30 36,20 32,,archive
1084,2018-07-25,4 6 7 8 26 30 32 35,13 22,,archive
1085,2018-07-26,3 6 12 21 24 32 34 37,22 31,,archive
1086,2018-07-27,4 5 6 7 9 15 21 37,11 20,,archive
1087,2018-07-28,5 9 11 18 24 27 30 32,15 29,,archive
1088,2018-07-29,10 16 21 24 28 29 33 37,1 34,,archive
1089,2018-07-30,2 4 9 10 12 14 24 32,22 35,,archive
1090,2018-07-31,4 14 16 18 22 26 33 34,12 37,,archive
1091,2018-08-01,2 7 8 11 16 18 19 37,20 22,,archive
1092,2018-08-02,4 7 14 21 25 30 31 32,11 36,,archive
1093,2018-08-03,6 14 20 22 24 27 29 30,13 32,,archive
1094,2018-08-04,2 3 7 14 20 27 28 35,5 21,,archive
1095,2018-08-05,12 18 24 25 26 28 35 36,6 15,,archive
1096,2018-08-06,3 5 11 12 14 15 32 33,28 34,,archive
1097,2018-08-07,1 5 8 9 10 15 19 32,21 24,,archive
1098,2018-08-08,7 9 10 13 22 29 31 32,15 18,,archive
1099,2018-08-09,6 7 10 15 26 34 35 36,3 32,,archive
1100,2018-08-10,2 3 5 12 16 17 20 23,18 19,,archive
1101,2018-08-11,4 7 9 14 18 29 34 36,15 20,,archive
1102,2018-08-12,2 5 9 11 14 16 31 35,15 34,,archive
1103,2018-08-13,17 18 19 25 28 30 33 34,6 20,,archive
1104,2018-08-14,1 4 11 16 19 20 27 31,6 25,,archive
1105,2018-08-15,2 3 4 11 16 24 33 34,9 28,,archive
1106,2018-08-16,7 12 22 23 24 30 33 37,17 19,,archive
1107,2018-08-17,2 10 14 16 25 26 28 33,17 30,,archive
1108,2018-08-18,15 21 22 26 27 33 34 36,6 14,,archive
1109,2018-08-19,1 2 5 13 17 19 20 33,22 24,,archive
1110,2018-08-20,5 9 21 24 27 33 35 36,20 32,,archive
1111,2018-08-21,8 15 16 18 25 30 33 34,14 31,,archive
1112,2018-08-22,6 13 17 18 28 29 30 37,22 35,,archive
1113,2018-08-23,3 8 12 20 22 23 27 36,2 30,,archive
1114,2018-08-24,3 9 15 17 18 21 24 29,25 27,,archive
1115,2018-08-25,5 8 25 26 31 33 35 36,15 18,,archive
1116,2018-08-26,5 9 17 19 22 33 35 37,25 30,,archive
1117,2018-08-27,10 12 15 17 23 27 34 35,11 25,,archive
1118,2018-08-28,2 5 12 15 20 25 32 35,22 37,,archive
1119,2018-08-29,1 8 23 24 25 27 33 35,19 31,,archive
1120,2018-08-30,2 3 4 8 16 29 32 33,1 19,,archive
1121,2018-08-31,2 3 5 16 19 20 22 34,8 36,,archive
1122,2018-09-01,3 4 8 9 14 15 35 37,28 30,,archive
1123,2018-09-02,8 10 13 14 19 25 30 34,11 24,,archive
1124,2018-09-03,2 6 9 24 25 30 31 37,23 27,,archive
1125,2018-09-04,1 4 9 19 27 28 31 32,18 30,,archive
1126,2018-09-05,2 17 18 24 27 32 34 37,16 33,,archive
1127,2018-09-06,2 13 14 16 19 26 30 36,3 37,,archive
1128,2018-09-07,7 9 11 13 16 23 27 31,15 18,,archive
1129,2018-09-08,1 6 8 11 16 20 21 26,17 18,,archive
1130,2018-09-09,8 11 15 18 21 22 23 37,7 29,,archive
1131,2018-09-10,13 21 23 25 27 28 35 37,10 36,,archive
1132,2018-09-11,1 5 9 10 18 25 31 34,3 36,,archive
1133,2018-09-12,1 7 13 18 20 23 30 37,32 36,,archive
1134,2018-09-13,1 3 13 16 17 22 30 37,4 35,,archive
1135,2018-09-14,3 12 17 19 26 30 33 36,2 14,,archive
1136,2018-09-15,1 7 12 15 22 25 26 37,28 30,,archive
1137,2018-09-16,3 12 16 18 22 27 31 37,8 34,,archive
1138,2018-09-17,4 6 11 19 22 24 26 27,12 37,,archive
1139,2018-09-18,1 7 10 17 20 30 34 37,5 36,,archive
1140,2018-09-19,1 2 6 12 20 22 25 33,30 37,,archive
1141,2018-09-20,3 14 15 19 26 34 36 37,6 16,,archive
1142,2018-09-21,1 3 7 9 15 17 21 30,2 11,,archive
1143,2018-09-22,2 3 12 14 25 27 30 33,13 15,,archive
1144,2018-09-23,1 2 6 14 22 25 26 33,5 37,,archive
1145,2018-09-24,4 9 13 19 20 30 35 36,5 17,,archive
1146,2018-09-25,2 11 18 19 20 23 33 34,8 32,,archive
1147,2018-09-26,4 17 18 28 29 30 32 33,31 35,,archive
1148,2018-09-27,2 5 17 24 29 30 31 36,28 34,,archive
1149,2018-09-28,5 6 11 14 21 25 28 34,18 26,,archive
1150,2018-09-29,2 3 4 7 11 19 25 33,9 23,,archive
1151,2018-09-30,4 15 18 23 24 31 33 34,11 28,,archive
1152,2018-10-01,4 7 12 13 14 19 22 28,15 34,,archive
1153,2018-10-02,4 5 20 21 22 27 31 37,2 16,,archive
1154,2018-10-03,13 15 16 21 26 27 30 36,6 20,,archive
1155,2018-10-04,14 24 25 26 27 28 32 37,3 19,,archive
1156,2018-10-05,1 10 16 19 20 21 22 33,8 13,,archive
1157,2018-10-06,1 9 11 23 26 34 35 36,2 37,,archive
1158,2018-10-07,3 5 6 8 15 22 26 30,11 24,,archive
1159,2018-10-08,11 14 15 21 23 24 25 29,26 32,,archive
1160,2018-10-09,5 8 9 12 14 22 30 35,21 34,,archive
1161,2018-10-10,8 10 21 22 28 30 35 36,2 16,,archive
1162,2018-10-11,8 9 14 18 20 31 32 37,6 34,,archive
1163,2018-10-12,7 9 10 16 20 32 36 37,17 18,,archive
1164,2018-10-13,2 8 9 11 13 20 27 31,17 26,,archive
1165,2018-10-14,1 8 9 14 23 26 28 37,34 35,,archive
1166,2018-10-15,19 20 21 22 30 33 34 35,16 26,,archive
1167,2018-10-16,3 9 15 18 20 27 36 37,10 21,,archive
1168,2018-10-17,3 9 10 19 20 23 29 32,15 35,,archive
1169,2018-10-18,3 7 10 16 23 25 27 33,22 24,,archive
1170,2018-10-19,1 8 9 18 26 28 30 33,21 23,,archive
1171,2018-10-20,2 7 10 12 18 31 34 35,21 27,,archive
1172,2018-10-21,6 8 12 16 22 24 25 30,10 29,,archive
1173,2018-10-22,2 6 9 13 22 24 28 32,18 23,,archive
1174,2018-10-23,6 9 16 23 24 30 31 34,19 22,,archive
1175,2018-10-24,7 11 16 19 26 33 34 35,13 25,,archive
1176,2018-10-25,3 5 7 9 13 14 15 30,19 21,,archive
1177,2018-10-26,2 3 4 5 6 11 21 37,23 35,,archive
1178,2018-10-27,1 5 16 22 24 25 32 33,14 19,,archive
1179,2018-10-28,5 14 16 21 23 24 34 35,1 36,,archive
1180,2018-10-29,7 10 14 26 31 35 36 37,23 24,,archive
1181,2018-10-30,8 12 17 18 21 24 25 27,5 36,,archive
1182,2018-10-31,5 10 12 14 21 27 34 37,15 26,,archive
1183,2018-11-01,4 11 12 17 18 22 32 37,8 15,,archive
1184,2018-11-02,5 9 11 13 15 19 24 32,1 28,,archive
1185,2018-11-03,7 11 13 16 20 34 36 37,9 29,,archive
1186,2018-11-04,4 5 9 11 15 17 20 36,32 37,,archive
1187,2018-11-05,1 4 11 12 22 28 32 35,19 31,,archive
1188,2018-11-06,8 10 11 13 18 29 33 35,5 17,,archive
1189,2018-11-07,3 9 10 16 21 23 32 37,25 27,,archive
1190,2018-11-08,9 12 15 18 19 23 30 34,22 35,,archive
1191,2018-11-09,1 12 13 15 24 25 26 36,29 34,,archive
1192,2018-11-10,1 2 3 12 14 19 20 34,13 30,,archive
1193,2018-11-11,2 7 15 18 24 25 29 32,5 20,,archive
1194,2018-11-12,2 6 7 8 16 24 26 27,29 32,,archive
1195,2018-11-13,2 12 13 17 22 23 34 37,9 35,,archive
1196,2018-11-14,10 20 21 27 31 33 34 37,17 18,,archive
1197,2018-11-15,3 10 11 12 15 16 17 37,4 27,,archive
1198,2018-11-16,2 3 7 12 13 20 22 35,18 31,,archive
1199,2018-11-17,12 16 19 21 26 28 29 36,14 15,,archive
1200,2018-11-18,3 7 13 14 24 33 34 37,2 19,,archive
1201,2018-11-19,4 11 16 19 24 26 28 34,30 36,,archive
1202,2018-11-20,1 7 13 15 19 33 35 36,6 11,,archive
1203,2018-11-21,2 8 19 21 23 26 28 29,12 33,,archive
1204,2018-11-22,7 10 11 21 27 34 35 37,19 22,,archive
1205,2018-11-23,13 15 19 20 27 28 32 34,5 26,,archive
1206,2018-11-24,2 5 8 13 18 21 26 30,23 33,,archive
1207,2018-11-25,4 5 23 25 26 29 32 35,6 21,,archive
1208,2018-11-26,2 5 7 14 15 21 25 28,13 30,,archive
1209,2018-11-27,1 3 4 12 14 17 23 28,29 34,,archive
1210,2018-11-28,1 4 11 27 29 30 31 37,21 33,,archive
1211,2018-11-29,3 5 6 12 21 24 29 34,11 37,,archive
1212,2018-11-30,1 3 4 14 22 28 34 37,17 26,,archive
1213,2018-12-01,7 11 16 19 24 28 36 37,3 23,,archive
1214,2018-12-02,1 12 17 18 22 27 34 35,19 33,,archive
1215,2018-12-03,1 3 5 6 8 10 19 20,14 21,,archive
1216,2018-12-04,2 11 18 19 22 23 25 35,7 14,,archive
1217,2018-12-05,7 13 15 21 24 27 35 37,12 26,,archive
1218,2018-12-06,8 10 20 21 23 26 28 34,12 14,,archive
1219,2018-12-07,2 4 5 7 10 21 27 30,25 35,,archive
1220,2018-12-08,2 20 22 23 24 27 28 35,19 29,,archive
1221,2018-12-09,1 13 18 22 24 34 35 37,25 31,,archive
1222,2018-12-10,3 9 11 13 15 27 31 34,6 14,,archive
1223,2018-12-11,8 9 19 22 25 27 31 32,4 26,,archive
1224,2018-12-12,5 8 14 15 16 27 33 36,13 26,,archive
1225,2018-12-13,1 2 19 20 31 33 34 37,24 29,,archive
1226,2018-12-14,1 7 12 13 15 19 20 27,23 34,,archive
1227,2018-12-15,4 5 7 8 15 23 28 33,22 32,,archive
1228,2018-12-16,1 5 6 16 22 26 29 32,9 20,,archive
1229,2018-12-17,3 6 9 10 12 25 27 33,7 31,,archive
1230,2018-12-18,7 9 10 13 22 29 32 36,24 31,,archive
1231,2018-12-19,5 8 9 11 15 16 17 29,18 27,,archive
1232,2018-12-20,2 4 18 21 23 32 36 37,13 16,,archive
1233,2018-12-21,2 6 14 17 21 32 33 37,22 31,,archive
1234,2018-12-22,3 9 12 18 22 28 33 37,15 30,,archive
1235,2018-12-23,1 5 8 9 20 26 29 30,16 34,,archive
1236,2018-12-24,1 6 15 18 22 28 30 32,26 31,,archive
1237,2018-12-25,3 9 19 20 21 26 29 36,13 18,,archive
1238,2018-12-26,1 3 8 9 11 22 28 35,2 21,,archive
1239,2018-12-27,1 2 12 19 20 28 30 35,17 33,,archive
1240,2018-12-28,1 9 13 24 26 27 29 33,6 23,,archive
1241,2018-12-29,7 8 13 14 16 20 22 35,36 37,,archive
1242,2018-12-30,1 8 15 16 19 20 22 23,2 21,,archive
1243,2018-12-31,10 11 13 15 16 23 31 32,17 33,,archive
1244,2019-01-01,4 7 8 12 16 18 24 33,10 37,,archive
1245,2019-01-02,1 7 9 14 16 19 26 31,27 36,,archive
1246,2019-01-03,13 16 17 18 19 26 31 32,11 15,,archive
1247,2019-01-04,2 10 14 24 26 31 33 35,18 36,,archive
1248,2019-01-05,1 4 6 10 12 13 17 33,9 28,,archive
1249,2019-01-06,4 8 9 20 22 33 34 37,23 29,,archive
1250,2019-01-07,2 4 5 9 12 13 19 35,3 25,,archive
1251,2019-01-08,1 5 15 22 23 26 32 33,11 28,,archive
1252,2019-01-09,7 14 19 23 24 31 36 37,17 35,,archive
1253,2019-01-10,2 11 14 18 22 26 30 37,5 17,,archive
1254,2019-01-11,2 7 9 15 16 20 21 30,10 25,,archive
1255,2019-01-12,1 8 11 12 13 20 30 37,25 28,,archive
1256,2019-01-13,1 3 5 18 19 23 33 35,27 34,,archive
1257,2019-01-14,5 7 12 25 27 29 32 35,11 13,,archive
1258,2019-01-15,3 11 18 20 26 29 32 36,6 10,,archive
1259,2019-01-16,2 11 15 17 21 23 29 36,27 28,,archive
1260,2019-01-17,5 14 18 19 25 28 29 37,13 26,,archive
1261,2019-01-18,3 6 7 8 19 23 25 29,15 33,,archive
1262,2019-01-19,5 13 14 15 20 22 32 37,2 12,,archive
1263,2019-01-20,4 13 17 18 22 23 24 27,15 35,,archive
1264,2019-01-21,7 9 14 15 21 29 30 34,3 5,,archive
1265,2019-01-22,1 6 10 14 17 24 27 30,21 28,,archive
1266,2019-01-23,1 7 9 10 11 12 19 33,13 35,,archive
1267,2019-01-24,3 7 13 14 19 25 28 31,8 9,,archive
1268,2019-01-25,2 6 17 18 23 26 28 36,13 22,,archive
1269,2019-01-26,3 5 6 10 11 13 16 18,17 27,,archive
1270,2019-01-27,5 6 7 12 18 29 34 37,23 31,,archive
1271,2019-01-28,3 8 15 16 20 24 31 37,5 17,,archive
1272,2019-01-29,6 11 15 18 24 30 34 37,1 13,,archive
1273,2019-01-30,2 5 21 26 30 34 36 37,20 29,,archive
1274,2019-01-31,9 11 13 16 17 21 24 32,12 23,,archive
1275,2019-02-01,3 4 8 9 15 16 33 37,21 26,,archive
1276,2019-02-02,6 11 13 15 22 24 28 35,30 34,,archive
1277,2019-02-03,1 8 10 13 19 21 23 28,18 27,,archive
1278,2019-02-04,3 9 14 18 22 26 33 34,35 37,,archive
1279,2019-02-05,4 8 12 18 21 24 28 35,19 29,,archive
1280,2019-02-06,1 2 18 20 29 33 34 36,19 24,,archive
1281,2019-02-07,10 11 17 22 23 25 27 37,2 29,,archive
1282,2019-02-08,1 2 4 9 15 25 29 34,10 16,,archive
1283,2019-02-09,7 10 14 21 24 25 31 34,13 17,,archive
1284,2019-02-10,10 16 17 26 27 29 33 34,3 28,,archive
1285,2019-02-11,7 11 14 15 16 19 26 35,27 37,,archive
1286,2019-02-12,1 6 13 26 28 30 33 36,17 27,,archive
1287,2019-02-13,1 3 9 15 23 31 32 36,27 29,,archive
1288,2019-02-14,5 9 21 22 27 28 30 34,14 24,,archive
1289,2019-02-15,2 5 12 13 21 22 25 35,7 33,,archive
1290,2019-02-16,6 20 21 24 27 30 33 35,17 36,,archive
1291,2019-02-17,1 3 5 12 25 29 34 36,19 28,,archive
1292,2019-02-18,2 3 4 7 9 21 24 32,17 22,,archive
1293,2019-02-19,2 5 6 9 11 15 23 25,13 19,,archive
1294,2019-02-20,6 9 16 19 26 29 30 37,1 11,,archive
1295,2019-02-21,2 9 13 16 21 29 30 34,18 35,,archive
1296,2019-02-22,4 15 17 23 26 30 33 35,11 14,,archive
1297,2019-02-23,1 3 10 18 24 28 31 37,14 20,,archive
1298,2019-02-24,1 3 16 17 27 28 29 34,25 37,,archive
1299,2019-02-25,2 5 10 11 14 17 26 34,23 27,,archive
1300,2019-02-26,3 6 11 12 13 19 28 33,18 23,,archive
1301,2019-02-27,5 6 11 12 17 22 26 34,14 19,,archive
1302,2019-02-28,3 8 10 13 15 22 24 34,17 20,,archive
1303,2019-03-01,2 5 6 10 14 16 21 24,19 33,,archive
1304,2019-03-02,2 5 9 13 14 16 29 34,6 18,,archive
1305,2019-03-03,3 4 7 11 23 24 26 34,15 30,,archive
1306,2019-03-04,2 3 6 17 20 26 35 36,19 24,,archive
1307,2019-03-05,12 13 17 22 27 30 32 34,6 18,,archive
1308,2019-03-06,2 3 12 13 18 19 22 28,21 27,,archive
1309,2019-03-07,1 2 3 5 9 24 27 37,6 16,,archive
1310,2019-03-08,1 2 5 9 10 14 30 36,3 25,,archive
1311,2019-03-09,4 5 6 7 9 12 26 37,3 25,,archive
1312,2019-03-10,1 5 10 13 15 21 31 32,9 27,,archive
1313,2019-03-11,8 9 12 18 20 25 30 32,31 36,,archive
1314,2019-03-12,10 13 21 22 26 27 28 37,17 29,,archive
1315,2019-03-13,4 5 18 19 25 29 34 37,6 30,,archive
1316,2019-03-14,4 9 19 21 23 25 26 36,33 34,,archive
1317,2019-03-15,6 11 17 20 21 31 35 37,5 14,,archive
1318,2019-03-16,8 12 14 15 21 24 32 33,34 36,,archive
1319,2019-03-17,2 4 11 15 16 25 28 31,5 12,,archive
1320,2019-03-18,12 15 24 30 31 32 33 34,10 18,,archive
1321,2019-03-19,2 6 14 16 22 27 29 30,9 33,,archive
1322,2019-03-20,2 10 21 26 31 33 34 35,6 25,,archive
1323,2019-03-21,2 7 13 21 28 29 30 33,10 31,,archive
1324,2019-03-22,2 8 9 17 23 28 35 37,22 36,,archive
1325,2019-03-23,2 4 16 21 22 23 30 37,20 29,,archive
1326,2019-03-24,7 9 12 15 21 25 28 34,10 32,,archive
1327,2019-03-25,4 7 8 12 13 14 24 32,3 18,,archive
1328,2019-03-26,3 13 18 19 28 29 31 32,17 35,,archive
1329,2019-03-27,5 6 9 10 22 24 26 30,19 31,,archive
1330,2019-03-28,2 4 5 13 21 27 28 35,8 29,,archive
1331,2019-03-29,1 4 10 11 21 23 33 36,14 32,,archive
1332,2019-03-30,10 12 16 20 26 29 36 37,3 25,,archive
1333,2019-03-31,7 13 22 24 27 29 30 32,16 21,,archive
1334,2019-04-01,13 17 21 23 25 30 35 36,12 37,,archive
1335,2019-04-02,10 19 20 31 32 33 35 37,30 36,,archive
1336,2019-04-03,3 10 12 18 21 22 29 37,19 28,,archive
1337,2019-04-04,13 19 22 23 24 30 35 37,6 34,,archive
1338,2019-04-05,5 11 13 16 17 24 26 35,4 14,,archive
1339,2019-04-06,4 8 15 17 20 26 27 32,16 19,,archive
1340,2019-04-07,1 2 8 17 18 29 33 37,28 34,,archive
1341,2019-04-08,5 12 17 18 27 30 35 36,11 15,,archive
1342,2019-04-09,2 10 12 16 23 26 32 34,27 28,,archive
1343,2019-04-10,3 4 9 10 21 23 26 32,22 33,,archive
1344,2019-04-11,1 8 14 18 20 21 30 34,2 4,,archive
1345,2019-04-12,1 11 15 17 21 22 23 26,14 32,,archive
1346,2019-04-13,2 3 4 6 9 12 27 29,30 32,,archive
1347,2019-04-14,10 11 14 18 21 23 34 37,17 33,,archive
1348,2019-04-15,1 5 10 11 24 26 29 33,18 32,,archive
1349,2019-04-16,3 5 11 13 24 25 32 34,15 20,,archive
1350,2019-04-17,2 6 9 11 13 21 25 33,10 20,,archive
1351,2019-04-18,4 6 12 19 21 23 24 33,15 34,,archive
1352,2019-04-19,2 3 9 10 19 27 36 37,6 20,,archive
1353,2019-04-20,1 3 14 16 17 18 27 30,21 29,,archive
1354,2019-04-21,8 11 15 16 24 29 30 36,18 31,,archive
1355,2019-04-22,7 16 18 19 21 31 32 37,28 35,,archive
1356,2019-04-23,17 18 27 28 29 30 31 33,15 22,,archive
1357,2019-04-24,1 5 10 11 21 28 34 35,7 32,,archive
1358,2019-04-25,6 13 16 17 19 22 29 37,2 14,,archive
1359,2019-04-26,7 9 12 14 19 24 30 31,2 36,,archive
1360,2019-04-27,2 10 16 17 18 27 33 37,3 13,,archive
1361,2019-04-28,5 9 13 20 23 27 33 34,21 31,,archive
1362,2019-04-29,2 16 17 20 24 29 33 37,26 34,,archive
1363,2019-04-30,1 3 11 12 13 19 25 32,15 21,,archive
1364,2019-05-01,2 8 15 18 20 21 27 31,13 34,,archive
1365,2019-05-02,2 4 13 16 21 25 28 35,20 33,,archive
1366,2019-05-03,1 2 12 16 26 29 31 32,14 23,,archive
1367,2019-05-04,1 9 10 15 16 24 30 31,3 20,,archive
1368,2019-05-05,1 12 13 18 19 28 30 34,3 36,,archive
1369,2019-05-06,4 9 13 15 18 20 21 29,14 37,,archive
1370,2019-05-07,2 3 6 7 14 20 25 37,4 8,,archive
1371,2019-05-08,5 6 8 9 11 12 16 35,22 23,,archive
1372,2019-05-09,2 8 11 15 17 18 30 35,33 36,,archive
1373,2019-05-10,4 5 6 9 10 19 20 29,8 34,,archive
1374,2019-05-11,8 10 21 27 30 34 35 37,2 28,,archive
1375,2019-05-12,6 14 18 21 30 33 34 36,9 37,,archive
1376,2019-05-13,2 4 8 13 15 20 27 31,12 14,,archive
1377,2019-05-14,7 11 16 19 24 25 26 31,1 15,,archive
1378,2019-05-15,6 13 17 23 27 30 36 37,18 33,,archive
1379,2019-05-16,9 13 16 18 19 24 25 31,3 12,,archive
1380,2019-05-17,6 7 10 15 23 25 29 33,17 20,,archive
1381,2019-05-18,1 2 4 5 7 15 26 27,3 36,,archive
1382,2019-05-19,8 10 15 16 20 25 31 36,2 24,,archive
1383,2019-05-20,3 7 8 9 15 28 29 33,16 20,,archive
1384,2019-05-21,2 3 4 10 13 19 31 34,8 23,,archive
1385,2019-05-22,1 4 10 16 22 25 34 36,19 31,,archive
1386,2019-05-23,6 11 13 14 16 19 22 24,9 35,,archive
1387,2019-05-24,2 6 21 24 25 26 32 33,8 9,,archive
1388,2019-05-25,2 5 10 13 25 30 32 34,12 24,,archive
1389,2019-05-26,6 7 9 13 29 30 32 37,1 33,,archive
1390,2019-05-27,4 9 13 15 16 21 28 37,1 12,,archive
1391,2019-05-28,2 6 12 17 20 26 29 35,31 37,,archive
1392,2019-05-29,7 9 15 18 24 25 26 33,29 31,,archive
1393,2019-05-30,7 9 19 20 21 23 25 29,18 33,,archive
1394,2019-05-31,9 10 12 18 20 29 33 36,2 5,,archive
1395,2019-06-01,1 2 3 8 21 23 25 36,16 22,,archive
1396,2019-06-02,1 2 14 16 20 21 22 35,26 28,,archive
1397,2019-06-03,9 14 23 25 26 29 33 34,12 27,,archive
1398,2019-06-04,2 12 16 18 24 29 32 33,3 15,,archive
1399,2019-06-05,1 10 12 19 22 23 28 29,2 30,,archive
1400,2019-06-06,3 7 8 16 17 22 34 37,11 20,,archive
1401,2019-06-07,3 4 9 12 24 31 33 37,1 16,,archive
1402,2019-06-08,1 4 8 21 28 30 32 33,5 34,,archive
1403,2019-06-09,4 5 10 25 29 30 31 33,14 26,,archive
1404,2019-06-10,2 6 18 19 28 29 30 36,15 22,,archive
1405,2019-06-11,1 5 8 11 12 17 18 27,13 22,,archive
1406,2019-06-12,14 17 21 22 26 30 32 37,6 31,,archive
1407,2019-06-13,4 8 21 29 31 32 33 37,20 26,,archive
1408,2019-06-14,2 7 9 12 14 20 32 36,13 27,,archive
1409,2019-06-15,5 7 9 16 18 21 24 28,13 17,,archive
1410,2019-06-16,10 11 15 22 24 30 31 36,32 35,,archive
1411,2019-06-17,1 2 7 13 21 23 28 37,11 14,,archive
1412,2019-06-18,1 7 11 15 23 29 31 33,17 37,,archive
1413,2019-06-19,10 14 15 19 20 31 33 34,4 36,,archive
1414,2019-06-20,1 8 17 19 26 27 31 36,12 30,,archive
1415,2019-06-21,5 8 15 21 23 26 35 36,29 34,,archive
1416,2019-06-22,3 4 5 6 9 13 18 22,26 29,,archive
1417,2019-06-23,2 6 13 14 20 21 25 30,16 27,,archive
1418,2019-06-24,2 4 12 19 23 28 29 35,27 32,,archive
1419,2019-06-25,1 9 11 20 26 33 35 36,7 27,,archive
1420,2019-06-26,5 8 12 13 18 21 29 31,22 35,,archive
1421,2019-06-27,4 6 7 8 14 15 16 19,28 30,,archive
1422,2019-06-28,2 5 15 18 20 27 29 37,14 17,,archive
1423,2019-06-29,4 5 6 13 18 23 27 31,11 22,,archive
1424,2019-06-30,6 7 11 21 23 27 32 33,4 30,,archive
1425,2019-07-01,4 5 8 9 13 17 22 34,14 33,,archive
1426,2019-07-02,2 3 10 14 20 23 26 28,13 22,,archive
1427,2019-07-03,9 11 17 19 22 31 33 35,7 18,,archive
1428,2019-07-04,3 6 10 11 12 23 32 37,1 27,,archive
1429,2019-07-05,1 2 5 11 20 25 29 34,18 27,,archive
1430,2019-07-06,7 15 17 18 23 31 32 34,28 36,,archive
1431,2019-07-07,8 11 13 18 20 22 23 34,15 32,,archive
1432,2019-07-08,8 9 13 14 24 26 29 31,21 22,,archive
1433,2019-07-09,12 13 21 22 23 30 32 35,3 37,,archive
1434,2019-07-10,9 19 21 24 27 29 35 37,3 17,,archive
1435,2019-07-11,1 4 6 12 16 19 23 36,7 9,,archive
1436,2019-07-12,5 9 18 20 27 28 32 34,11 22,,archive
1437,2019-07-13,4 6 8 27 28 30 33 37,3 16,,archive
1438,2019-07-14,5 10 12 13 23 30 32 33,17 21,,archive
1439,2019-07-15,8 14 15 16 20 24 25 28,2 23,,archive
1440,2019-07-16,2 11 12 18 20 25 27 36,30 37,,archive
1441,2019-07-17,7 12 14 15 22 28 30 37,13 32,,archive
1442,2019-07-18,1 4 11 14 19 27 32 35,25 29,,archive
1443,2019-07-19,6 10 14 17 21 28 30 35,5 32,,archive
1444,2019-07-20,7 12 15 18 20 29 32 35,16 21,,archive
1445,2019-07-21,2 6 14 15 19 28 32 35,30 31,,archive
1446,2019-07-22,3 8 12 13 22 25 34 35,11 33,,archive
1447,2019-07-23,7 14 20 21 27 31 33 35,16 24,,archive
1448,2019-07-24,12 18 19 23 24 25 26 32,33 35,,archive
1449,2019-07-25,2 8 19 27 28 33 35 36,9 31,,archive
1450,2019-07-26,4 5 21 23 28 30 33 36,10 17,,archive
1451,2019-07-27,9 12 17 18 24 33 34 36,10 35,,archive
1452,2019-07-28,1 14 21 22 28 30 31 34,24 37,,archive
1453,2019-07-29,1 3 7 9 10 20 33 36,30 37,,archive
1454,2019-07-30,7 18 21 28 29 33 34 36,8 31,,archive
1455,2019-07-31,15 20 24 26 27 29 33 35,1 12,,archive
1456,2019-08-01,5 9 16 18 19 25 34 37,28 33,,archive
1457,2019-08-02,1 11 15 19 24 31 34 35,6 23,,archive
1458,2019-08-03,2 6 9 10 11 17 33 36,13 34,,archive
1459,2019-08-04,2 4 7 10 12 13 19 31,20 30,,archive
1460,2019-08-05,1 5 13 17 20 22 23 28,2 18,,archive
1461,2019-08-06,3 6 13 18 25 26 31 35,32 36,,archive
1462,2019-08-07,2 4 11 14 16 23 24 27,6 29,,archive
1463,2019-08-08,8 9 12 17 21 26 29 37,10 16,,archive
1464,2019-08-09,4 6 9 11 15 17 26 34,7 12,,archive
1465,2019-08-10,2 10 13 14 24 26 28 34,8 11,,archive
1466,2019-08-11,2 4 6 20 21 30 33 34,1 22,,archive
1467,2019-08-12,1 17 19 22 29 31 35 36,4 28,,archive
1468,2019-08-13,2 7 8 18 19 21 25 35,30 33,,archive
1469,2019-08-14,4 11 12 17 31 35 36 37,9 20,,archive
1470,2019-08-15,1 4 10 17 26 27 33 35,30 37,,archive
1471,2019-08-16,2 9 11 17 23 26 29 37,7 16,,archive
1472,2019-08-17,12 15 17 20 23 32 33 36,7 18,,archive
1473,2019-08-18,2 10 11 12 15 18 20 35,3 5,,archive
1474,2019-08-19,1 4 7 19 20 30 32 36,6 17,,archive
1475,2019-08-20,1 2 4 9 10 17 23 32,16 18,,archive
1476,2019-08-21,3 8 11 24 25 27 29 31,6 12,,archive
1477,2019-08-22,6 13 18 22 24 33 35 36,25 31,,archive
1478,2019-08-23,4 9 10 15 27 28 30 36,7 29,,archive
1479,2019-08-24,3 7 9 11 21 22 27 28,18 30,,archive
1480,2019-08-25,6 13 20 24 28 29 34 36,35 37,,archive
1481,2019-08-26,1 7 13 18 22 28 31 37,19 25,,archive
1482,2019-08-27,2 10 13 18 24 29 35 36,25 34,,archive
1483,2019-08-28,2 3 8 10 11 15 22 30,12 35,,archive
1484,2019-08-29,2 3 9 10 28 32 34 36,18 30,,archive
1485,2019-08-30,5 6 13 23 25 26 29 31,11 16,,archive
1486,2019-08-31,3 6 8 9 15 19 32 37,1 11,,archive
1487,2019-09-01,3 7 9 23 24 27 29 30,4 33,,archive
1488,2019-09-02,2 4 5 11 15 20 26 29,7 31,,archive
1489,2019-09-03,10 19 21 24 25 30 31 32,8 14,,archive
1490,2019-09-04,10 21 23 24 27 31 33 37,1 30,,archive
1491,2019-09-05,3 10 15 16 18 21 22 34,11 23,,archive
1492,2019-09-06,1 5 9 12 13 32 35 37,15 30,,archive
1493,2019-09-07,1 9 14 16 18 21 29 33,22 32,,archive
1494,2019-09-08,5 11 13 15 19 22 23 36,21 26,,archive
1495,2019-09-09,4 8 13 18 22 30 32 36,1 27,,archive
1496,2019-09-10,2 8 9 21 24 27 35 36,5 25,,archive
1497,2019-09-11,6 7 15 21 22 30 33 36,10 11,,archive
1498,2019-09-12,3 10 11 12 13 22 31 33,2 4,,archive
1499,2019-09-13,12 13 18 19 22 28 29 33,14 26,,archive
1500,2019-09-14,1 10 13 14 18 24 33 34,28 35,,archive
1501,2019-09-15,2 9 11 19 20 23 29 32,14 35,,archive
1502,2019-09-16,7 11 13 23 24 28 35 36,18 22,,archive
1503,2019-09-17,6 9 21 22 23 26 34 36,19 33,,archive
1504,2019-09-18,13 14 21 22 28 29 30 33,24 27,,archive
1505,2019-09-19,3 4 8 10 24 27 31 35,2 11,,archive
1506,2019-09-20,8 13 14 19 21 22 31 37,23 25,,archive
1507,2019-09-21,2 10 11 13 15 29 32 33,19 24,,archive
1508,2019-09-22,9 10 11 17 24 29 30 31,8 25,,archive
1509,2019-09-23,3 14 17 23 24 27 35 37,6 19,,archive
1510,2019-09-24,4 6 9 10 15 16 27 37,12 34,,archive
1511,2019-09-25,4 12 19 21 24 27 31 36,6 17,,archive
1512,2019-09-26,5 6 17 18 24 25 27 37,2 11,,archive
1513,2019-09-27,6 9 19 21 24 29 30 32,8 13,,archive
1514,2019-09-28,13 15 16 21 23 29 33 35,4 19,,archive
1515,2019-09-29,5 14 23 24 30 35 36 37,19 20,,archive
1516,2019-09-30,1 2 10 23 25 29 36 37,22 28,,archive
1517,2019-10-01,7 9 10 14 18 27 32 37,23 30,,archive
1518,2019-10-02,3 6 10 16 22 29 30 34,14 32,,archive
1519,2019-10-03,4 5 9 25 28 29 32 33,8 14,,archive
1520,2019-10-04,7 8 12 16 19 27 30 37,3 32,,archive
1521,2019-10-05,4 22 23 25 26 29 30 34,6 13,,archive
1522,2019-10-06,6 10 13 16 18 22 24 30,23 25,,archive
1523,2019-10-07,5 6 13 18 19 23 26 37,8 16,,archive
1524,2019-10-08,8 17 19 20 22 24 32 37,29 31,,archive
1525,2019-10-09,7 17 18 22 25 28 35 36,4 10,,archive
1526,2019-10-10,11 17 23 26 32 35 36 37,13 27,,archive
1527,2019-10-11,4 7 11 18 20 29 34 35,10 23,,archive
1528,2019-10-12,1 9 17 23 28 29 33 36,18 20,,archive
1529,2019-10-13,2 3 5 17 25 26 27 29,7 14,,archive
1530,2019-10-14,2 4 17 22 26 27 29 35,14 18,,archive
1531,2019-10-15,6 7 9 19 24 31 33 34,5 13,,archive
1532,2019-10-16,1 8 9 15 20 21 32 34,22 26,,archive
1533,2019-10-17,3 4 5 6 10 21 24 36,27 29,,archive
1534,2019-10-18,3 10 13 17 24 29 32 36,11 21,,archive
1535,2019-10-19,8 14 15 16 26 27 28 32,9 19,,archive
1536,2019-10-20,1 4 11 15 17 21 33 36,3 29,,archive
1537,2019-10-21,3 10 12 17 25 29 31 37,13 14,,archive
1538,2019-10-22,2 5 7 14 20 25 26 34,11 30,,archive
1539,2019-10-23,3 4 10 11 30 33 36 37,8 9,,archive
1540,2019-10-24,3 6 9 18 23 25 36 37,11 28,,archive
1541,2019-10-25,5 19 24 25 26 30 36 37,10 22,,archive
1542,2019-10-26,1 7 9 18 19 20 33 37,14 26,,archive
1543,2019-10-27,7 8 10 15 19 23 29 32,5 34,,archive
1544,2019-10-28,26 30 31 32 33 34 35 36,14 18,,archive
1545,2019-10-29,1 3 14 23 27 29 35 37,22 31,,archive
1546,2019-10-30,3 4 8 21 23 29 30 36,17 22,,archive
1547,2019-10-31,5 7 11 12 14 19 25 28,29 34,,archive
1548,2019-11-01,3 4 5 11 21 25 35 37,24 30,,archive
1549,2019-11-02,1 8 11 17 20 21 26 32,15 27,,archive
1550,2019-11-03,3 7 8 13 16 20 22 35,10 14,,archive
1551,2019-11-04,2 3 7 13 16 18 19 29,6 26,,archive
1552,2019-11-05,2 11 13 19 23 25 30 34,8 37,,archive
1553,2019-11-06,9 10 14 15 25 33 35 36,24 32,,archive
1554,2019-11-07,7 8 14 17 21 22 27 30,26 34,,archive
1555,2019-11-08,4 5 12 19 27 28 32 33,6 13,,archive
1556,2019-11-09,4 5 7 8 10 14 19 37,15 32,,archive
1557,2019-11-10,4 5 10 17 30 31 32 37,7 34,,archive
1558,2019-11-11,1 2 14 17 23 28 35 36,16 18,,archive
1559,2019-11-12,1 2 5 7 8 21 22 27,24 36,,archive
1560,2019-11-13,2 11 12 16 17 24 29 31,6 18,,archive
1561,2019-11-14,6 10 11 17 18 28 32 35,21 37,,archive
1562,2019-11-15,1 5 8 13 20 22 24 30,4 10,,archive
1563,2019-11-16,1 3 7 9 25 35 36 37,12 27,,archive
1564,2019-11-17,6 9 13 14 16 25 26 27,4 28,,archive
1565,2019-11-18,7 17 18 25 28 32 33 35,1 16,,archive
1566,2019-11-19,4 7 9 10 11 12 17 25,24 32,,archive
1567,2019-11-20,2 3 8 16 20 22 26 37,27 30,,archive
1568,2019-11-21,3 10 18 20 23 27 28 30,26 33,,archive
1569,2019-11-22,2 9 13 26 27 29 31 33,4 7,,archive
1570,2019-11-23,5 12 14 16 18 22 24 32,33 35,,archive
1571,2019-11-24,1 5 6 16 20 21 27 32,17 34,,archive
1572,2019-11-25,1 7 17 18 26 29 32 33,4 6,,archive
1573,2019-11-26,8 9 12 15 27 28 31 37,11 25,,archive
1574,2019-11-27,1 2 4 8 10 23 24 26,11 27,,archive
1575,2019-11-28,1 7 11 14 15 16 18 20,24 36,,archive
1576,2019-11-29,3 5 14 15 16 17 18 19,20 31,,archive
1577,2019-11-30,2 9 11 12 18 30 33 35,23 24,,archive
1578,2019-12-01,1 2 14 16 24 33 34 37,7 29,,archive
1579,2019-12-02,2 9 18 24 25 26 33 36,8 34,,archive
1580,2019-12-03,1 2 16 23 27 30 32 36,29 31,,archive
1581,2019-12-04,2 5 14 19 25 32 33 36,9 21,,archive
1582,2019-12-05,8 10 13 22 24 33 36 37,4 25,,archive
1583,2019-12-06,18 20 21 24 28 33 34 36,2 8,,archive
1584,2019-12-07,1 11 13 22 23 28 29 34,27 30,,archive
1585,2019-12-08,1 6 10 17 23 24 30 32,7 28,,archive
1586,2019-12-09,4 8 14 19 24 31 32 33,3 27,,archive
1587,2019-12-10,3 7 8 11 20 22 23 30,21 37,,archive
1588,2019-12-11,2 3 4 5 16 26 32 33,10 21,,archive
1589,2019-12-12,1 7 8 22 26 30 35 36,14 18,,archive
1590,2019-12-13,5 10 13 14 17 18 22 33,25 28,,archive
1591,2019-12-14,3 4 6 7 9 10 19 28,8 32,,archive
1592,2019-12-15,3 4 7 13 17 23 30 36,5 14,,archive
1593,2019-12-16,8 9 11 14 16 23 24 30,19 35,,archive
1594,2019-12-17,8 9 17 20 23 28 33 37,24 27,,archive
1595,2019-12-18,1 6 7 12 17 24 27 30,10 35,,archive
1596,2019-12-19,2 11 12 13 20 26 35 37,28 34,,archive
1597,2019-12-20,7 9 11 13 15 19 24 28,10 18,,archive
1598,2019-12-21,2 4 6 9 17 20 21 34,11 12,,archive
1599,2019-12-22,5 6 10 15 21 27 32 33,14 23,,archive
1600,2019-12-23,7 11 21 28 29 30 36 37,18 31,,archive
1601,2019-12-24,1 2 8 9 23 24 29 31,3 36,,archive
1602,2019-12-25,2 11 19 20 21 28 35 36,4 7,,archive
1603,2019-12-26,8 11 12 17 23 25 28 33,21 29,,archive
1604,2019-12-27,9 14 19 27 30 32 35 36,25 26,,archive
1605,2019-12-28,3 5 10 11 15 27 33 36,17 26,,archive
1606,2019-12-29,4 10 13 17 24 25 31 37,7 16,,archive
1607,2019-12-30,4 5 20 21 24 29 34 36,14 35,,archive
1608,2019-12-31,2 6 11 12 16 21 22 26,15 29,,archive
1609,2020-01-01,2 10 14 18 23 25 30 31,15 16,,archive
1610,2020-01-02,2 3 4 11 13 21 24 29,6 12,,archive
1611,2020-01-03,1 6 9 24 26 29 30 31,25 37,,archive
1612,2020-01-04,3 8 12 14 22 30 34 35,1 33,,archive
1613,2020-01-05,3 6 8 15 19 25 29 30,26 34,,archive
1614,2020-01-06,1 10 12 22 24 25 30 31,21 32,,archive
1615,2020-01-07,6 12 17 21 25 28 33 34,7 30,,archive
1616,2020-01-08,1 8 16 22 27 28 29 36,11 33,,archive
1617,2020-01-09,13 14 17 21 22 24 27 31,9 18,,archive
1618,2020-01-10,2 5 7 13 24 28 29 34,11 16,,archive
1619,2020-01-11,7 10 11 12 13 20 25 33,21 30,,archive
1620,2020-01-12,9 13 18 20 22 28 29 36,4 15,,archive
1621,2020-01-13,3 6 8 11 21 26 28 33,22 35,,archive
1622,2020-01-14,18 23 25 27 30 31 32 34,2 5,,archive
1623,2020-01-15,7 10 13 19 20 29 31 37,15 33,,archive
1624,2020-01-16,3 5 15 22 23 32 35 36,7 10,,archive
1625,2020-01-17,4 5 9 11 25 28 32 33,24 30,,archive
1626,2020-01-18,2 4 12 23 26 28 34 36,18 21,,archive
1627,2020-01-19,1 4 13 22 25 32 34 36,19 20,,archive
1628,2020-01-20,8 9 16 22 23 28 29 32,13 30,,archive
1629,2020-01-21,5 7 9 10 14 24 30 37,34 36,,archive
1630,2020-01-22,7 9 12 15 20 26 31 35,11 22,,archive
1631,2020-01-23,1 2 9 11 13 27 35 37,23 36,,archive
1632,2020-01-24,4 8 14 19 25 28 33 37,15 30,,archive
1633,2020-01-25,2 5 9 12 14 17 36 37,28 30,,archive
1634,2020-01-26,3 7 10 14 23 30 33 36,15 24,,archive
1635,2020-01-27,5 9 14 15 28 33 35 37,11 31,,archive
1636,2020-01-28,5 8 14 18 19 23 32 36,25 31,,archive
1637,2020-01-29,5 16 17 20 22 25 30 36,4 31,,archive
1638,2020-01-30,11 12 13 18 31 32 34 37,25 28,,archive
1639,2020-01-31,10 11 13 19 23 26 34 37,22 36,,archive
1640,2020-02-01,4 7 8 10 11 14 36 37,9 30,,archive
1641,2020-02-02,2 3 7 12 13 17 22 25,15 26,,archive
1642,2020-02-03,7 10 17 23 24 25 30 36,32 37,,archive
1643,2020-02-04,4 5 16 17 26 31 35 37,7 20,,archive
1644,2020-02-05,3 7 11 14 15 24 28 37,17 19,,archive
1645,2020-02-06,1 2 10 11 20 21 25 29,16 36,,archive
1646,2020-02-07,1 13 16 17 20 21 28 36,5 27,,archive
1647,2020-02-08,2 7 10 14 20 28 32 34,12 26,,archive
1648,2020-02-09,4 7 24 26 27 28 31 32,25 30,,archive
1649,2020-02-10,1 9 11 12 16 21 23 25,14 32,,archive
1650,2020-02-11,2 10 20 21 23 29 31 36,22 26,,archive
1651,2020-02-12,1 7 9 18 21 23 25 33,24 26,,archive
1652,2020-02-13,2 3 4 5 19 23 27 36,7 20,,archive
1653,2020-02-14,8 11 12 16 19 24 25 28,20 31,,archive
1654,2020-02-15,6 7 8 15 18 25 29 30,2 27,,archive
1655,2020-02-16,7 10 13 15 21 22 25 27,12 29,,archive
1656,2020-02-17,4 10 12 23 24 25 28 32,16 35,,archive
1657,2020-02-18,7 8 13 18 22 24 33 36,11 35,,archive
1658,2020-02-19,1 2 7 15 19 20 34 35,21 31,,archive
1659,2020-02-20,1 7 14 21 23 26 33 35,24 28,,archive
1660,2020-02-21,2 4 5 8 19 20 22 31,29 30,,archive
1661,2020-02-22,5 7 9 13 14 22 31 37,23 28,,archive
1662,2020-02-23,3 4 5 14 18 30 32 37,1 9,,archive
1663,2020-02-24,8 9 13 19 20 21 24 33,12 25,,archive
1664,2020-02-25,2 3 6 16 23 35 36 37,32 33,,archive
1665,2020-02-26,3 5 11 18 21 22 27 33,4 17,,archive
1666,2020-02-27,3 7 11 12 16 21 28 35,14 20,,archive
1667,2020-02-28,1 16 22 24 25 31 32 33,6 14,,archive
1668,2020-02-29,2 3 10 18 20 24 28 34,11 17,,archive
1669,2020-03-01,2 6 8 9 21 30 34 36,4 25,,archive
1670,2020-03-02,6 11 19 24 28 32 33 34,16 29,,archive
1671,2020-03-03,6 9 17 22 23 24 25 26,4 20,,archive
1672,2020-03-04,4 12 16 20 25 27 31 35,33 36,,archive
1673,2020-03-05,2 3 8 15 27 28 33 34,20 26,,archive
1674,2020-03-06,2 8 9 16 19 20 28 36,5 32,,archive
1675,2020-03-07,8 9 17 19 21 27 31 35,7 11,,archive
1676,2020-03-08,6 9 19 23 25 27 33 34,22 28,,archive
1677,2020-03-09,3 5 15 17 20 22 35 37,14 27,,archive
1678,2020-03-10,1 5 6 14 15 18 19 30,4 32,,archive
1679,2020-03-11,8 10 19 21 29 30 32 35,3 26,,archive
1680,2020-03-12,9 17 20 21 22 25 27 36,1 12,,archive
1681,2020-03-13,2 3 12 14 19 20 30 32,22 37,,archive
1682,2020-03-14,3 11 12 13 18 20 27 36,19 29,,archive
1683,2020-03-15,5 9 18 25 26 28 29 30,7 19,,archive
1684,2020-03-16,4 5 10 13 21 22 23 35,2 6,,archive
1685,2020-03-17,1 6 9 10 16 21 22 28,19 30,,archive
1686,2020-03-18,2 3 9 15 20 22 24 25,8 14,,archive
1687,2020-03-19,13 15 17 22 23 28 29 34,7 27,,archive
1688,2020-03-20,7 9 15 20 23 30 34 37,1 25,,archive
1689,2020-03-21,2 3 6 10 16 21 22 27,4 15,,archive
1690,2020-03-22,1 7 8 13 20 21 31 34,2 12,,archive
1691,2020-03-23,4 8 10 17 19 38 44,9 16,,archive
1692,2020-03-24,1 5 8 9 39 41 44,4 18,,archive
1693,2020-03-25,7 12 28 30 33 37 38,20 21,,archive
1694,2020-03-26,1 3 4 8 20 28 37,11 40,,archive
1695,2020-03-27,3 5 7 10 15 18 41,21 35,,archive
1696,2020-03-28,7 13 20 25 27 32 34,6 24,,archive
1697,2020-03-29,6 7 16 18 19 31 37,17 38,,archive
1698,2020-03-30,3 13 15 16 24 34 40,27 33,,archive
1699,2020-03-31,4 15 30 39 42 43 44,1 37,,archive
1700,2020-04-01,3 8 20 25 31 40 41,10 16,,archive
1701,2020-04-02,8 13 22 37 38 42 44,12 21,,archive
1702,2020-04-03,6 8 18 26 33 38 44,16 34,,archive
1703,2020-04-04,10 13 14 17 29 31 43,18 25,,archive
1704,2020-04-05,7 16 18 22 28 37 40,5 30,,archive
1705,2020-04-06,3 18 27 33 34 43 44,8 26,,archive
1706,2020-04-07,6 11 16 17 34 39 42,7 37,,archive
1707,2020-04-08,2 4 6 15 24 31 40,3 36,,archive
1708,2020-04-09,15 24 25 31 33 37 44,18 40,,archive
1709,2020-04-10,11 24 30 33 37 39 43,5 32,,archive
1710,2020-04-11,9 12 15 32 37 43 44,26 40,,archive
1711,2020-04-12,6 11 12 13 25 32 43,9 16,,archive
1712,2020-04-13,7 16 23 26 30 35 44,9 22,,archive
1713,2020-04-14,1 5 7 32 37 38 43,10 33,,archive
1714,2020-04-15,11 13 15 17 20 38 42,27 30,,archive
1715,2020-04-16,6 8 13 20 31 32 39,1 4,,archive
1716,2020-04-17,7 11 24 25 34 38 41,22 42,,archive
1717,2020-04-18,18 22 24 25 35 37 42,26 44,,archive
1718,2020-04-19,5 10 18 29 33 34 37,14 39,,archive
1719,2020-04-20,8 20 21 23 30 32 36,3 39,,archive
1720,2020-04-21,1 2 3 7 12 14 44,25 35,,archive
1721,2020-04-22,14 15 20 29 30 32 44,6 31,,archive
1722,2020-04-23,5 12 15 20 30 31 42,6 13,,archive
1723,2020-04-24,3 5 7 11 23 36 44,30 33,,archive
1724,2020-04-25,12 13 24 29 36 37 41,8 39,,archive
1725,2020-04-26,8 24 27 37 42 43 44,6 25,,archive
1726,2020-04-27,3 5 7 26 30 31 39,32 43,,archive
1727,2020-04-28,10 11 15 18 28 36 43,29 32,,archive
1728,2020-04-29,12 13 19 25 27 28 32,5 36,,archive
1729,2020-04-30,3 4 7 20 32 40 43,23 31,,archive
1730,2020-05-01,4 12 28 30 38 40 41,19 24,,archive
1731,2020-05-02,3 11 17 22 26 34 43,21 32,,archive
1732,2020-05-03,2 6 7 13 19 37 41,4 36,,archive
1733,2020-05-04,4 11 12 29 33 35 37,6 41,,archive
1734,2020-05-05,20 25 26 31 32 38 42,1 29,,archive
1735,2020-05-06,1 6 9 15 26 33 43,36 37,,archive
1736,2020-05-07,1 2 10 16 26 36 41,9 18,,archive
1737,2020-05-08,9 15 30 34 42 43 44,11 39,,archive
1738,2020-05-09,3 9 10 13 18 38 44,14 19,,archive
1739,2020-05-10,3 9 12 17 18 21 32,41 42,,archive
1740,2020-05-11,2 4 14 17 23 25 38,26 42,,archive
1741,2020-05-12,7 12 16 21 25 29 39,6 8,,archive
1742,2020-05-13,6 7 9 13 15 17 39,11 38,,archive
1743,2020-05-14,7 16 30 36 37 38 39,2 20,,archive
1744,2020-05-15,6 9 16 21 23 25 38,1 8,,archive
1745,2020-05-16,11 16 24 31 34 39 44,9 43,,archive
1746,2020-05-17,3 18 25 31 36 37 43,19 38,,archive
1747,2020-05-18,19 24 27 30 31 41 42,20 39,,archive
1748,2020-05-19,8 10 20 21 35 36 39,24 25,,archive
1749,2020-05-20,5 9 17 32 39 41 44,10 16,,archive
1750,2020-05-21,3 8 9 15 16 31 44,35 40,,archive
1751,2020-05-22,3 8 16 25 27 40 41,5 28,,archive
1752,2020-05-23,7 16 17 24 27 33 38,9 41,,archive
1753,2020-05-24,1 10 17 25 27 28 29,2 38,,archive
1754,2020-05-25,8 10 16 25 32 33 36,19 37,,archive
1755,2020-05-26,7 15 18 20 21 31 33,26 36,,archive
1756,2020-05-27,8 14 20 21 23 28 38,18 31,,archive
1757,2020-05-28,3 11 13 18 27 31 41,21 26,,archive
1758,2020-05-29,2 15 20 22 34 36 38,12 39,,archive
1759,2020-05-30,1 5 8 11 13 18 30,33 37,,archive
1760,2020-05-31,17 20 23 25 26 33 34,4 12,,archive
1761,2020-06-01,6 16 18 20 28 35 42,5 12,,archive
1762,2020-06-02,8 20 24 29 36 38 39,10 35,,archive
1763,2020-06-03,1 15 21 26 31 33 35,5 19,,archive
1764,2020-06-04,8 11 19 20 28 30 41,22 31,,archive
1765,2020-06-05,5 18 19 26 30 36 42,9 11,,archive
1766,2020-06-06,4 8 21 22 32 36 37,25 30,,archive
1767,2020-06-07,3 10 12 21 27 43 44,6 15,,archive
1768,2020-06-08,1 4 9 19 29 37 39,41 43,,archive
1769,2020-06-09,3 6 11 13 14 32 35,15 40,,archive
1770,2020-06-10,3 6 16 20 27 32 38,18 25,,archive
1771,2020-06-11,13 15 17 24 26 29 42,3 14,,archive
1772,2020-06-12,3 10 12 14 17 31 34,29 32,,archive
1773,2020-06-13,2 5 6 9 11 21 28,19 31,,archive
1774,2020-06-14,2 5 9 11 18 21 38,10 15,,archive
1775,2020-06-15,14 18 28 31 32 33 41,22 23,,archive
1776,2020-06-16,7 10 17 31 34 36 40,1 25,,archive
1777,2020-06-17,16 23 26 30 33 40 41,14 21,,archive
1778,2020-06-18,1 3 6 10 13 36 41,12 31,,archive
1779,2020-06-19,3 4 13 23 26 30 37,31 35,,archive
1780,2020-06-20,7 16 23 34 36 39 40,2 27,,archive
1781,2020-06-21,2 6 8 12 16 29 35,13 34,,archive
1782,2020-06-22,3 5 13 15 30 33 39,28 35,,archive
1783,2020-06-23,19 22 23 34 39 40 41,11 20,,archive
1784,2020-06-24,3 4 10 11 28 31 35,5 32,,archive
1785,2020-06-25,2 7 8 12 20 32 35,3 40,,archive
1786,2020-06-26,1 9 10 12 30 35 37,14 15,,archive
1787,2020-06-27,6 11 17 24 27 28 32,1 18,,archive
1788,2020-06-28,2 19 20 29 31 34 35,26 33,,archive
1789,2020-06-29,21 23 27 28 29 39 40,4 36,,archive
1790,2020-06-30,2 16 21 22 27 29 39,1 30,,archive
1791,2020-07-01,7 10 16 26 33 41 43,21 39,,archive
1792,2020-07-02,1 27 29 34 35 41 44,3 14,,archive
1793,2020-07-03,7 17 21 24 30 35 37,1 16,,archive
1794,2020-07-04,5 6 7 24 28 31 42,9 35,,archive
1795,2020-07-05,6 10 22 28 34 35 43,11 37,,archive
1796,2020-07-06,1 3 19 25 35 42 44,12 34,,archive
1797,2020-07-07,4 9 12 15 16 39 42,31 43,,archive
1798,2020-07-08,4 12 20 24 32 34 37,33 40,,archive
1799,2020-07-09,2 3 13 14 15 16 28,10 37,,archive
1800,2020-07-10,7 15 16 26 33 38 44,6 17,,archive
1801,2020-07-11,3 7 19 20 25 40 43,36 42,,archive
1802,2020-07-12,11 12 19 24 32 35 42,4 9,,archive
1803,2020-07-13,10 19 20 23 25 35 41,13 44,,archive
1804,2020-07-14,16 25 26 27 30 40 43,10 14,,archive
1805,2020-07-15,1 2 19 21 25 26 43,28 29,,archive
1806,2020-07-16,7 15 22 24 28 41 43,2 13,,archive
1807,2020-07-17,3 14 15 16 21 27 30,2 25,,archive
1808,2020-07-18,3 21 23 30 33 35 42,39 44,,archive
1809,2020-07-19,16 22 33 34 35 39 40,3 13,,archive
1810,2020-07-20,15 19 21 25 26 37 41,18 32,,archive
1811,2020-07-21,6 19 23 30 31 35 41,27 33,,archive
1812,2020-07-22,2 3 6 23 31 41 44,17 40,,archive
1813,2020-07-23,1 18 24 25 37 41 43,22 29,,archive
1814,2020-07-24,4 12 18 25 28 37 39,5 11,,archive
1815,2020-07-25,5 12 16 26 28 35 36,38 39,,archive
1816,2020-07-26,23 25 27 30 36 42 44,9 40,,archive
1817,2020-07-27,3 8 24 25 33 35 42,20 27,,archive
1818,2020-07-28,2 3 5 14 19 27 29,18 21,,archive
1819,2020-07-29,5 6 12 14 25 34 36,3 11,,archive
1820,2020-07-30,10 25 27 35 38 41 42,14 36,,archive
1821,2020-07-31,14 16 17 18 21 42 43,8 36,,archive
1822,2020-08-01,3 7 15 25 26 30 31,37 38,,archive
1823,2020-08-02,3 12 13 14 23 32 42,29 44,,archive
1824,2020-08-03,1 10 11 24 29 37 39,30 35,,archive
1825,2020-08-04,1 7 13 21 27 41 44,9 25,,archive
1826,2020-08-05,2 7 21 25 26 27 35,4 24,,archive
1827,2020-08-06,3 13 16 18 20 23 37,4 34,,archive
1828,2020-08-07,8 11 13 17 32 36 40,26 41,,archive
1829,2020-08-08,6 12 17 30 36 39 42,15 41,,archive
1830,2020-08-09,8 11 15 22 37 41 42,25 26,,archive
1831,2020-08-10,11 15 19 33 35 41 44,13 34,,archive
1832,2020-08-11,7 9 13 17 21 26 34,31 33,,archive
1833,2020-08-12,1 11 15 21 33 36 44,9 22,,archive
1834,2020-08-13,3 4 18 22 27 29 30,1 9,,archive
1835,2020-08-14,6 7 17 24 26 35 41,34 43,,archive
1836,2020-08-15,12 15 18 30 33 42 43,14 28,,archive
1837,2020-08-16,2 22 27 31 37 39 40,3 30,,archive
1838,2020-08-17,15 17 22 30 32 42 44,34 38,,archive
1839,2020-08-18,4 8 11 15 32 37 42,40 44,,archive
1840,2020-08-19,14 19 22 34 38 39 40,32 36,,archive
1841,2020-08-20,1 11 13 16 17 21 32,18 41,,archive
1842,2020-08-21,15 19 24 26 33 37 44,34 40,,archive
1843,2020-08-22,2 5 8 13 15 17 31,14 36,,archive
1844,2020-08-23,9 15 21 22 25 33 38,32 39,,archive
1845,2020-08-24,3 6 9 21 25 36 44,27 40,,archive
1846,2020-08-25,12 18 21 26 27 31 40,9 32,,archive
1847,2020-08-26,1 4 9 12 14 20 40,21 37,,archive
1848,2020-08-27,1 4 6 9 17 20 38,27 39,,archive
1849,2020-08-28,10 14 24 27 37 41 43,16 25,,archive
1850,2020-08-29,5 7 19 23 34 35 44,17 41,,archive
1851,2020-08-30,4 11 22 33 37 42 44,3 21,,archive
1852,2020-08-31,1 2 8 10 13 33 42,16 20,,archive
1853,2020-09-01,4 23 28 29 32 38 40,14 22,,archive
1854,2020-09-02,4 5 12 14 23 24 37,30 43,,archive
1855,2020-09-03,4 11 16 23 26 28 35,5 24,,archive
1856,2020-09-04,6 7 15 26 37 38 43,13 44,,archive
1857,2020-09-05,6 8 14 23 27 35 39,19 31,,archive
1858,2020-09-06,3 4 6 9 18 23 41,31 33,,archive
1859,2020-09-07,1 5 7 11 14 22 28,12 39,,archive
1860,2020-09-08,3 12 23 25 29 30 37,11 31,,archive
1861,2020-09-09,3 22 25 30 35 37 44,20 27,,archive
1862,2020-09-10,5 12 17 20 24 41 43,6 18,,archive
1863,2020-09-11,4 7 10 13 18 36 42,1 26,,archive
1864,2020-09-12,11 15 24 34 40 42 44,27 29,,archive
1865,2020-09-13,14 22 23 27 28 32 42,1 33,,archive
1866,2020-09-14,6 11 15 16 25 28 33,13 29,,archive
1867,2020-09-15,4 14 17 25 28 30 43,7 24,,archive
1868,2020-09-16,3 7 10 17 22 24 33,37 42,,archive
1869,2020-09-17,8 18 25 29 32 38 41,10 27,,archive
1870,2020-09-18,2 4 6 8 26 30 33,23 27,,archive
1871,2020-09-19,4 6 11 18 22 25 37,32 33,,archive
1872,2020-09-20,3 8 18 24 27 30 36,17 41,,archive
1873,2020-09-21,15 17 24 32 34 41 43,8 26,,archive
1874,2020-09-22,3 9 10 11 15 18 44,2 37,,archive
1875,2020-09-23,2 8 16 21 27 29 42,31 36,,archive
1876,2020-09-24,3 7 9 26 35 37 44,12 15,,archive
1877,2020-09-25,1 5 8 9 14 28 42,7 32,,archive
1878,2020-09-26,1 4 5 8 10 31 38,17 33,,archive
1879,2020-09-27,7 10 16 19 28 30 43,20 41,,archive
1880,2020-09-28,3 11 14 25 32 37 38,5 13,,archive
1881,2020-09-29,4 12 34 35 36 37 38,9 14,,archive
1882,2020-09-30,7 9 16 21 26 33 37,28 32,,archive
1883,2020-10-01,4 15 16 19 22 29 37,3 20,,archive
1884,2020-10-02,12 27 30 31 38 41 44,20 26,,archive
1885,2020-10-03,6 14 28 29 35 40 42,7 20,,archive
1886,2020-10-04,3 9 13 17 21 22 34,8 20,,archive
1887,2020-10-05,13 17 19 23 35 38 41,11 21,,archive
1888,2020-10-06,12 30 32 36 41 42 44,9 20,,archive
1889,2020-10-07,3 8 16 23 34 42 43,7 28,,archive
1890,2020-10-08,13 16 22 24 31 37 44,23 29,,archive
1891,2020-10-09,3 4 5 6 13 33 43,2 14,,archive
1892,2020-10-10,1 15 17 24 27 34 35,3 6,,archive
1893,2020-10-11,1 2 6 13 34 38 40,7 32,,archive
1894,2020-10-12,6 10 11 14 30 33 43,12 35,,archive
1895,2020-10-13,2 6 11 29 38 40 42,16 30,,archive
1896,2020-10-14,4 12 13 18 28 35 41,38 43,,archive
1897,2020-10-15,6 7 13 17 18 25 36,11 38,,archive
1898,2020-10-16,7 14 18 21 27 30 36,25 28,,archive
1899,2020-10-17,1 2 12 17 23 25 28,19 40,,archive
1900,2020-10-18,5 13 15 26 27 33 39,6 37,,archive
1901,2020-10-19,11 21 37 38 42 43 44,1 32,,archive
1902,2020-10-20,4 7 10 11 18 19 44,23 38,,archive
1903,2020-10-21,2 5 11 26 28 38 44,15 22,,archive
1904,2020-10-22,1 3 4 12 15 17 43,25 30,,archive
1905,2020-10-23,13 15 27 30 42 43 44,3 36,,archive
1906,2020-10-24,1 10 15 17 20 24 37,2 19,,archive
1907,2020-10-25,14 19 21 25 30 39 42,6 43,,archive
1908,2020-10-26,4 11 18 20 22 26 33,19 23,,archive
1909,2020-10-27,2 6 16 18 33 34 39,15 32,,archive
1910,2020-10-28,11 14 24 28 30 32 38,6 34,,archive
1911,2020-10-29,4 8 13 16 19 20 30,5 12,,archive
1912,2020-10-30,4 13 17 27 29 39 41,9 11,,archive
1913,2020-10-31,2 5 11 22 38 41 43,7 8,,archive
1914,2020-11-01,5 6 7 19 25 30 38,23 37,,archive
1915,2020-11-02,5 15 16 17 22 26 32,8 29,,archive
1916,2020-11-03,9 16 22 32 36 37 42,14 34,,archive
1917,2020-11-04,12 18 23 26 29 36 43,5 40,,archive
1918,2020-11-05,10 11 13 22 26 31 40,2 36,,archive
1919,2020-11-06,1 3 8 18 22 24 31,16 27,,archive
1920,2020-11-07,3 13 14 17 32 34 43,12 40,,archive
1921,2020-11-08,2 8 9 23 24 38 40,13 27,,archive
1922,2020-11-09,2 4 11 21 24 25 33,5 16,,archive
1923,2020-11-10,5 15 17 20 25 31 32,26 42,,archive
1924,2020-11-11,6 16 24 28 32 35 38,13 20,,archive
1925,2020-11-12,13 18 21 22 27 37 43,9 28,,archive
1926,2020-11-13,4 15 18 22 33 38 44,12 31,,archive
1927,2020-11-14,5 15 31 34 36 37 38,2 23,,archive
1928,2020-11-15,9 14 20 22 31 35 43,19 33,,archive
1929,2020-11-16,2 4 7 21 29 37 40,5 10,,archive
1930,2020-11-17,10 23 25 27 30 38 43,16 31,,archive
1931,2020-11-18,1 13 20 25 27 34 39,19 36,,archive
1932,2020-11-19,3 4 5 6 14 16 30,34 40,,archive
1933,2020-11-20,3 6 8 11 16 18 26,10 15,,archive
1934,2020-11-21,5 9 10 15 19 28 35,6 21,,archive
1935,2020-11-22,5 8 11 14 16 20 40,1 27,,archive
1936,2020-11-23,2 3 11 14 32 43 44,37 38,,archive
1937,2020-11-24,2 14 21 28 31 32 38,25 39,,archive
1938,2020-11-25,11 13 16 22 23 29 43,3 15,,archive
1939,2020-11-26,1 11 12 24 33 36 40,31 43,,archive
1940,2020-11-27,6 15 24 30 31 32 41,9 23,,archive
1941,2020-11-28,1 7 13 20 21 34 36,9 12,,archive
1942,2020-11-29,1 9 13 14 33 36 42,2 41,,archive
1943,2020-11-30,13 16 18 27 33 35 38,26 44,,archive
1944,2020-12-01,10 14 23 25 29 33 37,2 3,,archive
1945,2020-12-02,7 15 26 31 32 36 38,11 17,,archive
1946,2020-12-03,6 10 14 19 21 40 41,29 32,,archive
1947,2020-12-04,3 12 21 30 31 33 41,38 40,,archive
1948,2020-12-05,1 3 17 25 27 39 43,34 37,,archive
1949,2020-12-06,4 5 14 17 20 21 25,27 34,,archive
1950,2020-12-07,4 11 19 21 24 42 43,1 12,,archive
1951,2020-12-08,3 4 5 6 11 26 27,8 15,,archive
1952,2020-12-09,3 12 22 25 34 35 36,2 40,,archive
1953,2020-12-10,4 9 12 14 32 35 39,11 26,,archive
1954,2020-12-11,13 15 21 34 35 41 42,17 30,,archive
1955,2020-12-12,10 12 16 25 39 43 44,15 19,,archive
1956,2020-12-13,7 14 26 30 32 42 44,28 29,,archive
1957,2020-12-14,15 23 26 34 41 43 44,17 30,,archive
1958,2020-12-15,5 12 13 15 16 17 39,41 42,,archive
1959,2020-12-16,1 6 15 29 30 33 42,21 24,,archive
1960,2020-12-17,3 13 14 18 32 37 38,12 27,,archive
1961,2020-12-18,2 6 17 19 30 33 34,18 24,,archive
1962,2020-12-19,2 6 8 21 23 25 41,15 18,,archive
1963,2020-12-20,5 17 34 36 37 39 42,6 10,,archive
1964,2020-12-21,3 19 21 25 26 30 37,36 41,,archive
1965,2020-12-22,1 7 11 17 18 21 25,23 42,,archive
1966,2020-12-23,2 3 4 11 21 31 37,19 38,,archive
1967,2020-12-24,7 13 15 16 18 39 42,3 6,,archive
1968,2020-12-25,4 12 13 15 18 29 39,19 20,,archive
1969,2020-12-26,3 9 24 28 35 38 42,7 8,,archive
1970,2020-12-27,2 12 18 25 28 36 44,9 24,,archive
1971,2020-12-28,4 10 22 31 38 39 43,3 21,,archive
1972,2020-12-29,4 13 14 15 36 41 44,18 19,,archive
1973,2020-12-30,19 21 24 32 34 38 42,7 11,,archive
1974,2020-12-31,11 14 20 28 32 35 41,13 40,,archive
1975,2021-01-01,3 9 15 19 21 24 33,7 22,,archive
1976,2021-01-02,3 4 11 23 28 40 41,14 24,,archive
1977,2021-01-03,6 7 12 13 20 21 39,26 29,,archive
1978,2021-01-04,2 29 33 37 38 39 40,4 44,,archive
1979,2021-01-05,8 17 19 24 35 43 44,37 38,,archive
1980,2021-01-06,3 13 18 24 32 35 42,1 10,,archive
1981,2021-01-07,3 11 12 21 26 34 40,8 23,,archive
1982,2021-01-08,3 6 18 21 26 31 40,5 39,,archive
1983,2021-01-09,3 6 16 26 34 42 44,14 31,,archive
1984,2021-01-10,4 8 10 19 27 35 36,6 39,,archive
1985,2021-01-11,7 11 13 22 31 33 44,15 25,,archive
1986,2021-01-12,4 16 22 27 35 43 44,18 31,,archive
1987,2021-01-13,6 9 12 14 21 22 44,30 32,,archive
1988,2021-01-14,3 12 15 16 22 36 41,18 39,,archive
1989,2021-01-15,10 12 17 19 28 29 37,18 42,,archive
1990,2021-01-16,3 9 10 21 31 37 39,12 13,,archive
1991,2021-01-17,11 15 16 19 23 34 43,9 28,,archive
1992,2021-01-18,1 12 17 32 35 39 40,9 34,,archive
1993,2021-01-19,9 13 19 21 23 35 38,28 42,,archive
1994,2021-01-20,4 14 18 24 29 34 41,6 36,,archive
1995,2021-01-21,1 4 21 22 24 31 36,10 33,,archive
1996,2021-01-22,8 16 23 30 34 35 41,6 40,,archive
1997,2021-01-23,10 12 16 36 41 42 44,11 27,,archive
1998,2021-01-24,2 14 21 26 28 34 37,32 33,,archive
1999,2021-01-25,2 10 15 17 18 38 44,22 30,,archive
2000,2021-01-26,2 17 19 21 23 30 36,5 10,,archive
2001,2021-01-27,1 5 18 23 35 41 43,17 30,,archive
2002,2021-01-28,15 20 30 34 37 40 41,13 21,,archive
2003,2021-01-29,2 6 10 11 14 15 22,7 12,,archive
2004,2021-01-30,1 14 16 27 30 31 39,26 35,,archive
2005,2021-01-31,4 7 11 13 20 25 29,2 23,,archive
2006,2021-02-01,4 10 13 21 34 37 39,18 20,,archive
2007,2021-02-02,8 13 16 19 23 24 36,7 42,,archive
2008,2021-02-03,2 7 11 38 39 40 44,20 27,,archive
2009,2021-02-04,3 5 25 28 31 32 41,24 29,,archive
2010,2021-02-05,5 7 8 15 17 21 30,27 43,,archive
2011,2021-02-06,1 6 20 21 22 25 32,36 37,,archive
2012,2021-02-07,2 6 8 9 10 28 36,30 34,,archive
2013,2021-02-08,4 15 18 36 37 41 42,3 9,,archive
2014,2021-02-09,1 5 7 23 26 37 40,25 43,,archive
2015,2021-02-10,3 5 11 16 32 38 43,1 40,,archive
2016,2021-02-11,15 18 24 25 29 39 42,35 43,,archive
2017,2021-02-12,6 10 23 25 27 32 34,9 29,,archive
2018,2021-02-13,1 2 21 22 24 25 44,5 12,,archive
2019,2021-02-14,4 13 21 25 26 33 44,36 40,,archive
2020,2021-02-15,4 7 11 13 15 16 33,28 36,,archive
2021,2021-02-16,8 15 20 21 27 29 43,14 22,,archive
2022,2021-02-17,12 14 18 21 24 27 32,8 11,,archive
2023,2021-02-18,4 14 24 25 28 32 38,20 35,,archive
2024,2021-02-19,5 11 13 19 22 25 34,10 26,,archive
2025,2021-02-20,5 14 20 21 22 27 33,23 31,,archive
2026,2021-02-21,2 4 6 11 19 27 38,10 31,,archive
2027,2021-02-22,2 5 11 19 26 28 33,1 21,,archive
2028,2021-02-23,7 12 13 14 18 19 20,40 42,,archive
2029,2021-02-24,4 13 21 26 27 39 41,38 43,,archive
2030,2021-02-25,5 7 26 29 34 38 39,41 43,,archive
2031,2021-02-26,1 2 12 15 30 36 38,22 33,,archive
2032,2021-02-27,17 30 34 35 39 42 43,4 29,,archive
2033,2021-02-28,4 15 20 28 41 43 44,10 11,,archive
2034,2021-03-01,1 2 15 19 29 32 36,4 27,,archive
2035,2021-03-02,4 8 13 23 33 37 44,15 30,,archive
2036,2021-03-03,5 8 10 15 27 30 40,6 29,,archive
2037,2021-03-04,1 2 9 10 18 37 41,15 26,,archive
2038,2021-03-05,2 15 18 30 32 33 37,26 29,,archive
2039,2021-03-06,11 12 19 20 30 33 35,14 41,,archive
2040,2021-03-07,3 12 13 17 32 38 42,10 27,,archive
2041,2021-03-08,2 9 11 20 25 36 37,8 18,,archive
2042,2021-03-09,3 11 16 17 23 39 41,10 28,,archive
2043,2021-03-10,1 9 26 28 33 36 42,14 20,,archive
2044,2021-03-11,1 6 7 13 23 25 32,4 16,,archive
2045,2021-03-12,5 12 18 27 38 40 43,15 31,,archive
2046,2021-03-13,14 15 33 35 38 41 42,32 34,,archive
2047,2021-03-14,9 11 17 29 30 35 44,1 12,,archive
2048,2021-03-15,14 17 21 22 24 27 34,12 15,,archive
2049,2021-03-16,7 9 15 21 27 39 44,26 36,,archive
2050,2021-03-17,1 12 13 23 26 35 40,9 21,,archive
2051,2021-03-18,11 12 28 29 35 40 41,10 16,,archive
2052,2021-03-19,4 15 20 22 30 37 40,12 21,,archive
2053,2021-03-20,5 11 14 25 31 36 37,13 22,,archive
2054,2021-03-21,2 3 11 14 25 32 35,17 19,,archive
2055,2021-03-22,13 20 22 25 30 32 40,3 4,,archive
2056,2021-03-23,1 4 8 12 18 20 22,14 37,,archive
2057,2021-03-24,2 7 10 13 33 39 41,4 43,,archive
2058,2021-03-25,3 4 12 14 19 21 24,27 36,,archive
2059,2021-03-26,4 21 25 31 33 37 40,1 36,,archive
2060,2021-03-27,17 19 26 32 33 41 43,7 12,,archive
2061,2021-03-28,2 14 15 26 28 35 37,4 29,,archive
2062,2021-03-29,4 13 23 24 29 41 43,5 42,,archive
2063,2021-03-30,4 9 13 28 34 40 43,11 44,,archive
2064,2021-03-31,14 15 23 29 31 35 43,3 32,,archive
2065,2021-04-01,8 15 22 30 33 41 42,21 31,,archive
2066,2021-04-02,4 11 16 22 28 30 31,14 24,,archive
2067,2021-04-03,2 16 23 29 32 42 44,34 37,,archive
2068,2021-04-04,5 17 20 23 25 37 41,2 8,,archive
2069,2021-04-05,4 11 12 22 23 26 34,8 32,,archive
2070,2021-04-06,7 15 16 24 26 38 39,13 32,,archive
2071,2021-04-07,9 11 17 20 31 33 42,38 40,,archive
2072,2021-04-08,1 4 17 25 33 34 36,18 39,,archive
2073,2021-04-09,1 4 7 15 28 32 42,29 30,,archive
2074,2021-04-10,7 9 13 16 19 26 43,31 37,,archive
2075,2021-04-11,3 4 13 21 23 36 39,12 38,,archive
2076,2021-04-12,2 4 7 9 27 34 37,23 43,,archive
2077,2021-04-13,6 10 19 26 29 35 40,12 39,,archive
2078,2021-04-14,22 31 34 35 36 40 41,8 25,,archive
2079,2021-04-15,13 18 20 21 22 28 37,15 30,,archive
2080,2021-04-16,3 5 7 17 25 27 44,1 16,,archive
2081,2021-04-17,2 8 12 16 29 35 40,6 31,,archive
2082,2021-04-18,7 11 14 32 34 35 40,28 42,,archive
2083,2021-04-19,3 4 5 20 25 26 33,11 34,,archive
2084,2021-04-20,1 13 15 21 22 40 43,38 42,,archive
2085,2021-04-21,5 8 13 24 30 38 39,25 40,,archive
2086,2021-04-22,1 4 14 22 29 36 43,19 26,,archive
2087,2021-04-23,1 15 25 28 32 38 43,27 39,,archive
2088,2021-04-24,3 9 10 17 24 32 44,2 4,,archive
2089,2021-04-25,8 9 10 11 31 40 43,6 42,,archive
2090,2021-04-26,3 13 14 21 27 29 33,9 41,,archive
2091,2021-04-27,4 5 20 21 29 33 35,14 36,,archive
2092,2021-04-28,8 9 14 15 16 20 21,19 40,,archive
2093,2021-04-29,10 12 15 16 18 31 43,22 29,,archive
2094,2021-04-30,3 11 14 17 20 24 41,1 8,,archive
2095,2021-05-01,3 6 23 29 31 39 44,12 38,,archive
2096,2021-05-02,3 10 26 28 29 38 42,2 4,,archive
2097,2021-05-03,4 19 20 22 23 30 32,29 42,,archive
2098,2021-05-04,19 22 31 33 36 37 44,35 39,,archive
2099,2021-05-05,5 8 9 11 15 32 35,36 40,,archive
2100,2021-05-06,1 26 27 32 35 39 41,16 25,,archive
2101,2021-05-07,4 9 17 19 34 40 41,1 14,,archive
2102,2021-05-08,3 12 13 19 25 31 39,16 24,,archive
2103,2021-05-09,5 7 20 28 37 39 42,26 36,,archive
2104,2021-05-10,6 9 11 14 26 29 44,1 42,,archive
2105,2021-05-11,2 9 11 16 26 28 37,14 30,,archive
2106,2021-05-12,1 2 14 27 34 39 42,18 25,,archive
2107,2021-05-13,15 18 19 26 27 38 43,21 40,,archive
2108,2021-05-14,6 9 14 16 18 25 41,27 43,,archive
2109,2021-05-15,5 7 10 15 31 36 40,34 39,,archive
2110,2021-05-16,10 12 15 18 19 21 43,13 35,,archive
2111,2021-05-17,6 9 12 27 29 30 35,5 21,,archive
2112,2021-05-18,7 10 13 15 30 40 42,24 32,,archive
2113,2021-05-19,3 12 23 29 32 37 43,9 21,,archive
2114,2021-05-20,4 7 13 17 33 35 42,21 30,,archive
2115,2021-05-21,18 19 22 31 34 41 42,14 38,,archive
2116,2021-05-22,15 19 22 26 29 30 37,25 40,,archive
2117,2021-05-23,7 12 16 17 21 27 44,24 39,,archive
2118,2021-05-24,18 20 23 26 29 34 43,5 17,,archive
2119,2021-05-25,11 12 18 22 34 35 38,15 26,,archive
2120,2021-05-26,2 3 5 16 18 27 40,1 26,,archive
2121,2021-05-27,4 5 8 9 14 23 27,2 12,,archive
2122,2021-05-28,3 4 15 19 21 26 30,37 44,,archive
2123,2021-05-29,2 8 11 12 13 35 41,24 28,,archive
2124,2021-05-30,6 8 23 27 33 35 38,21 22,,archive
2125,2021-05-31,6 19 25 27 37 41 44,22 39,,archive
2126,2021-06-01,1 5 12 20 22 30 35,39 41,,archive
2127,2021-06-02,7 15 24 25 26 27 33,3 8,,archive
2128,2021-06-03,6 14 16 22 33 35 39,28 40,,archive
2129,2021-06-04,10 13 14 31 35 38 41,1 34,,archive
2130,2021-06-05,1 15 20 30 33 40 42,17 26,,archive
2131,2021-06-06,7 11 19 26 29 31 33,2 35,,archive
2132,2021-06-07,4 8 10 19 30 38 44,23 26,,archive
2133,2021-06-08,10 11 13 22 28 41 43,16 32,,archive
2134,2021-06-09,7 12 13 21 25 33 39,15 41,,archive
2135,2021-06-10,17 26 27 30 31 35 38,9 33,,archive
2136,2021-06-11,9 10 11 22 27 30 34,1 28,,archive
2137,2021-06-12,1 7 9 18 19 25 37,33 38,,archive
2138,2021-06-13,1 7 14 22 33 37 38,9 32,,archive
2139,2021-06-14,6 19 24 27 32 33 34,16 29,,archive
2140,2021-06-15,7 13 18 19 21 25 37,23 24,,archive
2141,2021-06-16,7 21 22 23 26 29 34,24 40,,archive
2142,2021-06-17,4 14 16 22 29 30 31,13 26,,archive
2143,2021-06-18,5 6 17 21 30 32 42,2 23,,archive
2144,2021-06-19,1 5 6 15 19 24 33,40 42,,archive
2145,2021-06-20,1 4 9 18 19 22 23,31 32,,archive
2146,2021-06-21,2 10 22 23 29 35 40,20 39,,archive
2147,2021-06-22,2 10 14 29 33 35 44,22 27,,archive
2148,2021-06-23,5 10 12 27 28 29 36,2 41,,archive
2149,2021-06-24,1 2 5 25 35 37 43,12 16,,archive
2150,2021-06-25,2 3 8 13 17 28 32,11 40,,archive
2151,2021-06-26,4 19 23 31 42 43 44,5 6,,archive
2152,2021-06-27,1 6 16 22 23 38 42,13 33,,archive
2153,2021-06-28,9 17 30 31 34 36 44,19 39,,archive
2154,2021-06-29,11 18 25 31 34 41 42,1 29,,archive
2155,2021-06-30,4 7 8 10 16 22 25,5 20,,archive
2156,2021-07-01,1 14 16 20 34 40 43,21 33,,archive
2157,2021-07-02,2 8 10 15 17 39 41,1 43,,archive
2158,2021-07-03,2 3 11 23 37 39 43,12 18,,archive
2159,2021-07-04,18 19 20 28 33 37 43,25 38,,archive
2160,2021-07-05,11 13 19 21 34 37 38,16 36,,archive
2161,2021-07-06,18 27 30 38 39 40 41,21 28,,archive
2162,2021-07-07,1 26 28 35 36 38 43,27 30,,archive
2163,2021-07-08,1 9 16 21 26 29 32,20 23,,archive
2164,2021-07-09,1 3 4 16 20 41 43,23 35,,archive
2165,2021-07-10,4 12 18 28 31 34 37,5 16,,archive
2166,2021-07-11,9 15 24 35 37 40 42,21 25,,archive
2167,2021-07-12,4 14 16 18 21 31 32,20 44,,archive
2168,2021-07-13,5 10 11 21 27 33 36,30 38,,archive
2169,2021-07-14,3 10 12 18 22 25 29,14 26,,archive
2170,2021-07-15,11 19 23 36 37 39 41,28 34,,archive
2171,2021-07-16,1 4 8 16 19 27 40,13 26,,archive
2172,2021-07-17,4 15 16 21 31 32 44,25 35,,archive
2173,2021-07-18,1 2 8 11 16 17 27,10 34,,archive
2174,2021-07-19,7 11 16 22 23 24 41,27 28,,archive
2175,2021-07-20,4 12 15 27 33 34 43,36 39,,archive
2176,2021-07-21,1 7 20 26 33 37 38,25 28,,archive
2177,2021-07-22,12 13 18 20 22 24 41,26 44,,archive
2178,2021-07-23,5 12 14 17 29 37 44,10 26,,archive
2179,2021-07-24,1 7 9 15 32 35 42,4 29,,archive
2180,2021-07-25,1 4 8 9 15 20 33,10 14,,archive
2181,2021-07-26,15 17 20 23 28 35 36,33 34,,archive
2182,2021-07-27,9 10 18 34 35 38 44,24 42,,archive
2183,2021-07-28,2 8 12 16 20 36 43,22 35,,archive
2184,2021-07-29,7 16 17 19 20 26 29,34 44,,archive
2185,2021-07-30,8 13 16 20 26 31 43,3 12,,archive
2186,2021-07-31,11 21 31 32 37 40 42,2 43,,archive
2187,2021-08-01,2 3 18 27 29 37 39,35 41,,archive
2188,2021-08-02,7 9 19 20 28 34 44,6 13,,archive
2189,2021-08-03,10 14 19 28 30 33 37,29 42,,archive
2190,2021-08-04,4 13 14 17 23 28 33,2 43,,archive
2191,2021-08-05,4 15 18 19 36 41 44,30 43,,archive
2192,2021-08-06,3 19 23 24 25 26 29,16 32,,archive
2193,2021-08-07,4 5 7 13 25 33 35,27 40,,archive
2194,2021-08-08,9 16 23 28 31 34 44,1 7,,archive
2195,2021-08-09,5 19 23 27 35 38 42,7 29,,archive
2196,2021-08-10,5 25 31 32 34 36 44,20 41,,archive
2197,2021-08-11,3 7 10 22 41 42 43,13 32,,archive
2198,2021-08-12,4 5 8 22 30 31 39,11 41,,archive
2199,2021-08-13,13 20 21 23 26 35 41,6 14,,archive
2200,2021-08-14,8 14 17 21 33 34 41,6 43,,archive
2201,2021-08-15,2 5 23 24 34 41 43,21 29,,archive
2202,2021-08-16,3 9 10 19 22 28 37,6 18,,archive
2203,2021-08-17,6 8 17 22 28 37 39,21 43,,archive
2204,2021-08-18,15 16 20 32 33 38 42,11 25,,archive
2205,2021-08-19,1 2 4 17 27 28 43,31 39,,archive
2206,2021-08-20,12 20 21 22 30 33 43,8 23,,archive
2207,2021-08-21,5 19 22 23 30 35 43,15 34,,archive
2208,2021-08-22,1 2 3 17 18 40 44,13 33,,archive
2209,2021-08-23,8 19 20 22 23 33 41,7 10,,archive
2210,2021-08-24,1 21 23 26 28 30 38,8 37,,archive
2211,2021-08-25,4 10 11 27 31 35 38,21 40,,archive
2212,2021-08-26,3 7 8 11 14 22 38,28 36,,archive
2213,2021-08-27,8 13 15 25 34 42 43,10 23,,archive
2214,2021-08-28,7 14 19 21 28 31 44,4 12,,archive
2215,2021-08-29,3 4 5 8 10 13 35,7 37,,archive
2216,2021-08-30,2 3 13 19 24 33 43,16 38,,archive
2217,2021-08-31,10 31 32 37 42 43 44,8 19,,archive
2218,2021-09-01,10 19 23 35 40 41 44,1 24,,archive
2219,2021-09-02,13 14 15 20 26 29 39,17 41,,archive
2220,2021-09-03,8 11 15 16 21 23 26,33 42,,archive
2221,2021-09-04,2 4 14 20 38 40 44,13 29,,archive
2222,2021-09-05,4 6 20 30 36 39 41,17 42,,archive
2223,2021-09-06,2 9 14 24 25 35 41,10 32,,archive
2224,2021-09-07,11 13 14 23 25 26 32,33 38,,archive
2225,2021-09-08,14 16 21 25 40 41 43,10 39,,archive
2226,2021-09-09,3 6 7 18 20 38 43,22 26,,archive
2227,2021-09-10,2 5 11 16 39 41 43,18 29,,archive
2228,2021-09-11,9 10 19 21 23 24 29,7 35,,archive
2229,2021-09-12,5 13 15 17 18 20 30,24 39,,archive
2230,2021-09-13,4 6 7 8 39 40 42,14 21,,archive
2231,2021-09-14,8 12 13 16 26 34 39,19 27,,archive
2232,2021-09-15,13 17 18 22 25 40 42,11 44,,archive
2233,2021-09-16,7 9 20 33 36 38 44,5 12,,archive
2234,2021-09-17,4 13 22 28 36 40 43,25 35,,archive
2235,2021-09-18,5 11 12 25 33 38 39,10 37,,archive
2236,2021-09-19,3 15 29 30 31 32 44,14 25,,archive
2237,2021-09-20,2 4 6 18 21 22 26,39 42,,archive
2238,2021-09-21,31 33 34 36 37 40 41,3 9,,archive
2239,2021-09-22,3 6 9 19 33 38 44,24 34,,archive
2240,2021-09-23,6 7 19 25 29 30 42,31 37,,archive
2241,2021-09-24,10 12 14 30 34 36 44,25 29,,archive
2242,2021-09-25,4 6 9 11 19 22 28,1 27,,archive
2243,2021-09-26,3 19 20 28 33 42 44,21 40,,archive
2244,2021-09-27,1 10 16 20 34 35 38,7 32,,archive
2245,2021-09-28,3 21 29 33 34 35 36,6 27,,archive
2246,2021-09-29,6 28 29 38 39 41 44,12 43,,archive
2247,2021-09-30,5 10 13 32 34 37 41,35 44,,archive
2248,2021-10-01,5 15 18 20 22 40 43,26 33,,archive
2249,2021-10-02,3 13 15 21 26 38 42,4 40,,archive
2250,2021-10-03,6 14 20 32 34 35 42,11 40,,archive
2251,2021-10-04,2 12 13 14 17 22 43,18 28,,archive
2252,2021-10-05,1 6 14 20 21 25 31,5 11,,archive
2253,2021-10-06,1 8 12 18 19 33 35,21 26,,archive
2254,2021-10-07,2 11 22 23 33 34 36,14 18,,archive
2255,2021-10-08,1 6 7 10 12 18 29,3 25,,archive
2256,2021-10-09,2 6 10 32 36 39 44,14 20,,archive
2257,2021-10-10,1 18 30 36 40 41 44,9 20,,archive
2258,2021-10-11,1 9 10 12 15 33 42,3 19,,archive
2259,2021-10-12,1 5 7 12 26 41 42,29 40,,archive
2260,2021-10-13,3 19 20 27 35 38 39,2 28,,archive
2261,2021-10-14,3 14 18 33 34 38 42,24 37,,archive
2262,2021-10-15,6 14 17 21 22 30 40,1 38,,archive
2263,2021-10-16,2 3 13 14 31 36 43,8 42,,archive
2264,2021-10-17,3 12 20 25 28 29 39,6 22,,archive
2265,2021-10-18,1 4 8 17 20 29 36,10 19,,archive
2266,2021-10-19,12 16 17 22 28 41 43,36 38,,archive
2267,2021-10-20,6 16 31 33 34 36 44,9 21,,archive
2268,2021-10-21,5 9 11 13 15 27 31,2 6,,archive
2269,2021-10-22,10 14 15 25 26 31 33,16 22,,archive
2270,2021-10-23,2 9 16 28 39 41 43,18 36,,archive
2271,2021-10-24,1 3 9 22 28 30 36,33 37,,archive
2272,2021-10-25,3 13 17 27 29 34 37,7 18,,archive
2273,2021-10-26,1 6 10 14 23 34 40,2 5,,archive
2274,2021-10-27,9 11 15 24 30 38 42,3 14,,archive
2275,2021-10-28,7 8 12 29 38 39 40,17 36,,archive
2276,2021-10-29,5 9 17 22 26 38 42,8 27,,archive
2277,2021-10-30,9 19 20 21 33 37 41,8 43,,archive
2278,2021-10-31,10 11 16 19 21 29 34,30 42,,archive
2279,2021-11-01,1 7 14 25 30 39 41,24 42,,archive
2280,2021-11-02,5 8 19 25 26 30 42,6 18,,archive
2281,2021-11-03,8 12 17 20 31 37 38,7 34,,archive
2282,2021-11-04,8 9 11 23 24 26 39,29 38,,archive
2283,2021-11-05,2 4 5 15 24 36 40,29 37,,archive
2284,2021-11-06,2 9 13 15 26 29 30,22 44,,archive
2285,2021-11-07,3 9 15 21 22 29 31,10 43,,archive
2286,2021-11-08,6 15 16 17 18 32 39,8 12,,archive
2287,2021-11-09,7 10 14 17 18 35 41,11 34,,archive
2288,2021-11-10,17 22 23 30 32 39 43,24 41,,archive
2289,2021-11-11,4 11 12 13 20 26 35,34 40,,archive
2290,2021-11-12,5 13 15 16 26 29 32,31 40,,archive
2291,2021-11-13,7 23 25 30 31 32 38,24 44,,archive
2292,2021-11-14,9 16 17 23 26 33 40,2 22,,archive
2293,2021-11-15,2 4 12 31 41 43 44,3 38,,archive
2294,2021-11-16,1 4 12 15 17 20 31,29 42,,archive
2295,2021-11-17,7 22 25 39 41 42 43,13 44,,archive
2296,2021-11-18,7 15 16 22 31 39 41,5 36,,archive
2297,2021-11-19,4 5 7 9 27 35 42,37 39,,archive
2298,2021-11-20,4 5 11 21 23 35 42,13 31,,archive
2299,2021-11-21,7 9 21 22 31 34 39,26 42,,archive
2300,2021-11-22,23 33 34 35 39 40 41,4 21,,archive
2301,2021-11-23,3 10 12 24 29 33 42,6 9,,archive
2302,2021-11-24,4 5 8 19 27 28 30,12 34,,archive
2303,2021-11-25,3 5 8 15 16 21 30,10 27,,archive
2304,2021-11-26,9 10 11 12 15 16 32,8 24,,archive
2305,2021-11-27,7 13 16 18 24 35 44,9 25,,archive
2306,2021-11-28,2 12 17 18 22 38 42,20 44,,archive
2307,2021-11-29,5 13 19 23 36 40 44,2 3,,archive
2308,2021-11-30,6 25 26 32 33 37 43,19 22,,archive
2309,2021-12-01,4 5 18 20 31 34 43,21 26,,archive
2310,2021-12-02,5 10 18 25 37 38 42,8 44,,archive
2311,2021-12-03,5 11 12 30 40 41 43,19 42,,archive
2312,2021-12-04,4 5 9 11 25 31 43,34 37,,archive
2313,2021-12-05,1 11 40 41 42 43 44,4 31,,archive
2314,2021-12-06,6 8 9 15 20 36 41,18 40,,archive
2315,2021-12-07,3 7 11 23 25 37 39,19 28,,archive
2316,2021-12-08,2 11 26 27 29 40 42,30 36,,archive
2317,2021-12-09,1 7 8 15 33 37 38,17 24,,archive
2318,2021-12-10,8 10 23 24 25 28 36,16 29,,archive
2319,2021-12-11,12 15 25 28 35 36 39,27 41,,archive
2320,2021-12-12,1 7 19 20 23 29 41,9 31,,archive
2321,2021-12-13,1 8 12 14 15 20 40,4 27,,archive
2322,2021-12-14,8 19 27 29 36 37 39,22 28,,archive
2323,2021-12-15,7 12 14 22 24 25 36,4 21,,archive
2324,2021-12-16,3 22 27 34 37 42 43,25 41,,archive
2325,2021-12-17,15 18 19 21 28 32 39,2 9,,archive
2326,2021-12-18,5 14 18 28 29 41 42,22 37,,archive
2327,2021-12-19,1 2 7 18 25 27 38,33 37,,archive
2328,2021-12-20,4 9 10 27 29 35 43,32 42,,archive
2329,2021-12-21,1 18 22 29 31 32 40,8 24,,archive
2330,2021-12-22,3 12 26 32 33 41 44,15 16,,archive
2331,2021-12-23,16 22 28 30 34 36 40,1 11,,archive
2332,2021-12-24,1 10 12 14 21 22 29,5 42,,archive
2333,2021-12-25,3 7 13 15 23 40 42,17 43,,archive
2334,2021-12-26,2 11 17 24 35 38 44,25 40,,archive
2335,2021-12-27,2 8 12 18 26 32 40,15 16,,archive
2336,2021-12-28,1 2 3 30 36 39 43,8 15,,archive
2337,2021-12-29,2 4 17 19 20 24 28,36 39,,archive
2338,2021-12-30,2 7 15 24 27 37 41,1 25,,archive
2339,2021-12-31,9 11 27 28 31 35 38,3 10,,archive
2340,2022-01-01,8 13 24 28 30 33 42,12 37,,archive
2341,2022-01-02,10 15 21 22 30 35 43,12 23,,archive
2342,2022-01-03,2 11 15 17 23 24 44,21 39,,archive
2343,2022-01-04,1 7 8 13 19 21 27,23 43,,archive
2344,2022-01-05,7 12 13 17 18 29 35,19 33,,archive
2345,2022-01-06,6 19 21 28 35 36 39,3 26,,archive
2346,2022-01-07,3 10 16 17 22 30 37,2 24,,archive
2347,2022-01-08,5 16 19 21 25 30 44,3 6,,archive
2348,2022-01-09,10 12 25 31 33 36 39,24 44,,archive
2349,2022-01-10,4 8 22 24 28 31 40,2 13,,archive
2350,2022-01-11,2 5 7 15 29 33 41,1 38,,archive
2351,2022-01-12,4 11 12 18 35 37 42,9 40,,archive
2352,2022-01-13,13 26 30 34 35 42 43,7 33,,archive
2353,2022-01-14,4 11 12 13 17 26 27,22 41,,archive
2354,2022-01-15,8 17 18 21 31 33 37,3 44,,archive
2355,2022-01-16,4 6 14 19 20 25 26,11 21,,archive
2356,2022-01-17,7 11 13 21 23 31 44,5 10,,archive
2357,2022-01-18,1 2 22 24 36 42 43,11 14,,archive
2358,2022-01-19,9 10 14 27 30 33 44,2 15,,archive
2359,2022-01-20,3 6 8 19 21 30 36,15 24,,archive
2360,2022-01-21,6 15 17 21 26 33 40,20 31,,archive
2361,2022-01-22,3 10 15 18 19 29 35,30 39,,archive
2362,2022-01-23,5 16 21 23 26 30 31,2 20,,archive
2363,2022-01-24,3 11 21 29 38 39 42,4 33,,archive
2364,2022-01-25,3 15 27 28 30 31 41,24 35,,archive
2365,2022-01-26,2 23 24 25 33 41 42,18 37,,archive
2366,2022-01-27,2 8 10 11 14 15 19,31 33,,archive
2367,2022-01-28,6 7 15 17 29 30 36,8 12,,archive
2368,2022-01-29,6 7 9 24 30 33 35,1 44,,archive
2369,2022-01-30,1 5 6 22 29 31 44,27 38,,archive
2370,2022-01-31,9 10 13 17 18 42 44,24 35,,archive
2371,2022-02-01,6 11 21 26 29 38 44,5 37,,archive
2372,2022-02-02,2 5 8 11 26 29 40,41 42,,archive
2373,2022-02-03,11 14 24 26 33 39 40,34 38,,archive
2374,2022-02-04,2 5 12 13 14 21 43,1 44,,archive
2375,2022-02-05,9 13 25 26 37 42 43,5 22,,archive
2376,2022-02-06,2 4 10 11 29 32 36,23 40,,archive
2377,2022-02-07,2 7 16 21 23 27 35,10 29,,archive
2378,2022-02-08,3 5 14 15 33 36 40,22 30,,archive
2379,2022-02-09,7 8 11 26 28 33 44,12 34,,archive
2380,2022-02-10,4 11 15 28 33 35 40,10 31,,archive
2381,2022-02-11,3 5 8 17 22 31 43,29 30,,archive
2382,2022-02-12,1 5 16 19 22 27 44,25 34,,archive
2383,2022-02-13,7 10 12 15 18 21 25,1 2,,archive
2384,2022-02-14,3 6 7 16 17 25 37,5 35,,archive
2385,2022-02-15,7 9 12 17 18 39 40,8 25,,archive
2386,2022-02-16,3 4 8 13 23 32 40,24 26,,archive
2387,2022-02-17,2 7 9 16 19 32 38,8 27,,archive
2388,2022-02-18,4 5 7 8 15 20 21,43 44,,archive
2389,2022-02-19,10 11 22 28 29 31 32,27 41,,archive
2390,2022-02-20,2 6 10 11 17 27 40,3 34,,archive
2391,2022-02-21,6 9 13 23 25 26 33,15 31,,archive
2392,2022-02-22,5 19 22 28 33 38 40,8 12,,archive
2393,2022-02-23,4 14 19 21 29 31 33,25 36,,archive
2394,2022-02-24,13 14 20 24 26 31 36,1 41,,archive
2395,2022-02-25,3 5 11 17 20 24 40,25 43,,archive
2396,2022-02-26,13 17 19 33 36 41 42,3 26,,archive
2397,2022-02-27,9 10 23 25 27 29 42,17 34,,archive
2398,2022-02-28,15 16 24 25 31 41 42,14 44,,archive
2399,2022-03-01,6 12 17 22 23 30 37,24 43,,archive
2400,2022-03-02,8 14 21 22 28 30 34,13 33,,archive
2401,2022-03-03,1 8 13 21 37 39 40,11 34,,archive
2402,2022-03-04,1 4 10 11 18 19 22,15 26,,archive
2403,2022-03-05,2 19 25 30 31 37 41,17 24,,archive
2404,2022-03-06,4 32 33 35 36 41 42,6 12,,archive
2405,2022-03-07,5 13 14 23 30 34 44,8 43,,archive
2406,2022-03-08,2 7 14 15 21 27 39,30 42,,archive
2407,2022-03-09,4 6 9 27 30 33 36,12 19,,archive
2408,2022-03-10,1 7 9 26 27 33 35,17 21,,archive
2409,2022-03-11,6 11 24 27 28 29 34,19 35,,archive
2410,2022-03-12,11 14 16 22 31 32 38,17 26,,archive
2411,2022-03-13,5 16 23 32 35 36 41,1 43,,archive
2412,2022-03-14,1 4 8 10 17 32 42,15 25,,archive
2413,2022-03-15,3 4 8 18 25 28 38,10 41,,archive
2414,2022-03-16,2 4 14 24 30 36 40,21 33,,archive
2415,2022-03-17,4 9 16 17 19 36 41,13 25,,archive
2416,2022-03-18,1 8 12 14 19 21 44,23 28,,archive
2417,2022-03-19,2 3 5 10 22 26 33,14 25,,archive
2418,2022-03-20,3 9 11 17 20 30 39,7 15,,archive
2419,2022-03-21,2 7 11 18 27 31 35,5 28,,archive
2420,2022-03-22,2 3 7 15 17 40 43,9 44,,archive
2421,2022-03-23,5 6 14 19 20 38 44,11 12,,archive
2422,2022-03-24,3 11 19 31 32 36 43,5 44,,archive
2423,2022-03-25,21 27 30 37 38 41 43,11 29,,archive
2424,2022-03-26,7 16 17 20 28 33 44,1 8,,archive
2425,2022-03-27,5 10 20 32 37 41 44,1 6,,archive
2426,2022-03-28,3 13 32 38 40 41 42,9 31,,archive
2427,2022-03-29,1 21 22 29 34 40 41,2 31,,archive
2428,2022-03-30,9 11 19 24 27 35 40,16 28,,archive
2429,2022-03-31,12 15 19 28 37 38 39,23 25,,archive
2430,2022-04-01,5 9 29 34 37 38 40,4 30,,archive
2431,2022-04-02,6 13 15 18 25 27 43,23 39,,archive
2432,2022-04-03,4 6 8 30 36 40 43,11 29,,archive
2433,2022-04-04,13 14 15 20 21 22 23,8 43,,archive
2434,2022-04-05,9 19 20 21 31 33 35,22 36,,archive
2435,2022-04-06,1 2 14 17 22 29 41,3 18,,archive
2436,2022-04-07,1 10 19 23 34 37 41,21 26,,archive
2437,2022-04-08,7 12 17 19 29 34 43,24 28,,archive
2438,2022-04-09,1 13 20 21 25 34 35,3 39,,archive
2439,2022-04-10,2 9 17 19 25 30 41,22 43,,archive
2440,2022-04-11,3 5 8 15 32 34 38,12 26,,archive
2441,2022-04-12,5 13 21 24 30 36 40,4 27,,archive
2442,2022-04-13,2 7 9 11 13 19 23,33 42,,archive
2443,2022-04-14,6 12 14 17 18 27 38,33 35,,archive
2444,2022-04-15,9 11 12 15 27 28 42,7 26,,archive
2445,2022-04-16,2 15 24 26 31 38 42,25 41,,archive
2446,2022-04-17,12 21 23 32 36 37 39,8 42,,archive
2447,2022-04-18,4 6 9 20 22 39 43,12 18,,archive
2448,2022-04-19,9 16 24 35 38 41 44,27 32,,archive
2449,2022-04-20,1 12 13 14 26 33 42,7 37,,archive
2450,2022-04-21,15 21 31 34 37 41 42,24 28,,archive
2451,2022-04-22,9 22 26 27 30 34 42,33 43,,archive
2452,2022-04-23,13 15 16 17 20 29 34,31 39,,archive
2453,2022-04-24,2 16 25 36 39 40 43,27 31,,archive
2454,2022-04-25,3 4 10 11 13 27 40,21 38,,archive
2455,2022-04-26,4 7 9 13 18 23 28,21 43,,archive
2456,2022-04-27,8 12 16 20 25 33 40,38 39,,archive
2457,2022-04-28,5 16 19 34 37 40 43,36 41,,archive
2458,2022-04-29,3 9 12 13 15 24 28,22 44,,archive
2459,2022-04-30,3 7 19 27 28 38 40,11 23,,archive
2460,2022-05-01,3 8 20 34 36 41 42,7 27,,archive
2461,2022-05-02,3 7 8 14 31 37 44,27 34,,archive
2462,2022-05-03,9 11 16 17 35 36 41,1 32,,archive
2463,2022-05-04,6 8 17 18 24 27 33,4 36,,archive
2464,2022-05-05,7 15 17 18 26 31 44,6 36,,archive
2465,2022-05-06,1 6 23 31 39 40 42,7 20,,archive
2466,2022-05-07,7 15 24 25 26 29 33,18 40,,archive
2467,2022-05-08,10 12 14 16 19 31 38,4 7,,archive
2468,2022-05-09,8 10 11 17 19 26 37,3 20,,archive
2469,2022-05-10,13 15 17 19 21 22 33,16 23,,archive
2470,2022-05-11,4 5 17 31 32 34 43,18 40,,archive
2471,2022-05-12,8 11 22 29 30 36 39,4 12,,archive
2472,2022-05-13,2 3 9 29 31 38 39,28 35,,archive
2473,2022-05-14,1 17 31 32 36 42 43,13 39,,archive
2474,2022-05-15,9 23 27 34 36 39 42,3 10,,archive
2475,2022-05-16,1 7 8 13 25 26 40,4 27,,archive
2476,2022-05-17,10 21 27 31 35 37 41,20 24,,archive
2477,2022-05-18,15 18 21 23 26 36 44,20 31,,archive
2478,2022-05-19,3 6 10 15 21 32 41,22 37,,archive
2479,2022-05-20,1 16 17 21 38 39 40,7 32,,archive
2480,2022-05-21,1 5 11 15 22 24 31,12 29,,archive
2481,2022-05-22,8 11 18 22 24 25 39,20 41,,archive
2482,2022-05-23,1 13 17 27 31 36 39,7 28,,archive
2483,2022-05-24,17 19 26 27 31 35 44,10 36,,archive
2484,2022-05-25,5 22 24 25 28 37 42,32 39,,archive
2485,2022-05-26,2 8 15 17 18 24 43,9 16,,archive
2486,2022-05-27,16 22 31 32 35 40 41,7 12,,archive
2487,2022-05-28,9 11 12 22 24 27 28,13 26,,archive
2488,2022-05-29,1 5 11 13 28 29 44,8 24,,archive
2489,2022-05-30,7 8 9 15 21 27 43,4 12,,archive
2490,2022-05-31,2 4 6 15 22 27 44,38 40,,archive
2491,2022-06-01,1 12 18 24 27 30 39,29 42,,archive
2492,2022-06-02,11 14 18 22 23 35 44,13 42,,archive
2493,2022-06-03,5 9 18 21 34 38 43,24 29,,archive
2494,2022-06-04,7 10 11 20 22 36 44,6 15,,archive
2495,2022-06-05,4 6 18 21 22 43 44,33 39,,archive
2496,2022-06-06,7 15 17 25 26 28 44,11 36,,archive
2497,2022-06-07,6 12 15 19 24 41 42,20 28,,archive
2498,2022-06-08,2 3 8 10 27 30 43,37 38,,archive
2499,2022-06-09,6 8 11 18 33 34 36,31 37,,archive
2500,2022-06-10,8 21 25 34 38 41 43,29 39,,archive
2501,2022-06-11,9 12 21 24 25 27 38,23 39,,archive
2502,2022-06-12,6 8 13 19 21 39 43,1 15,,archive
2503,2022-06-13,7 14 16 19 28 29 41,10 23,,archive
2504,2022-06-14,1 6 7 9 21 37 42,2 19,,archive
2505,2022-06-15,3 7 13 16 22 26 32,14 38,,archive
2506,2022-06-16,14 15 22 36 37 42 44,4 41,,archive
2507,2022-06-17,3 24 33 39 41 42 44,16 29,,archive
2508,2022-06-18,13 15 19 21 24 27 31,23 34,,archive
2509,2022-06-19,10 23 28 32 33 36 41,1 26,,archive
2510,2022-06-20,2 10 26 28 29 35 41,7 18,,archive
2511,2022-06-21,2 5 16 23 24 26 39,29 30,,archive
2512,2022-06-22,1 20 25 33 35 37 42,6 29,,archive
2513,2022-06-23,3 4 11 17 21 38 39,12 14,,archive
2514,2022-06-24,3 13 14 27 28 30 35,31 33,,archive
2515,2022-06-25,2 5 7 13 20 25 35,18 21,,archive
2516,2022-06-26,5 10 15 18 24 38 42,36 41,,archive
2517,2022-06-27,1 4 8 13 24 25 32,12 39,,archive
2518,2022-06-28,1 10 15 26 28 37 44,17 23,,archive
2519,2022-06-29,2 12 17 18 20 24 43,10 30,,archive
2520,2022-06-30,14 16 24 27 32 36 42,23 40,,archive
2521,2022-07-01,11 19 22 30 34 40 43,4 16,,archive
2522,2022-07-02,2 3 4 14 16 19 42,10 22,,archive
2523,2022-07-03,2 5 9 16 20 23 38,7 37,,archive
2524,2022-07-04,4 12 14 15 24 34 40,8 43,,archive
2525,2022-07-05,2 15 17 18 28 32 38,26 34,,archive
2526,2022-07-06,10 15 20 21 34 35 41,17 39,,archive
2527,2022-07-07,7 15 19 24 27 30 32,2 17,,archive
2528,2022-07-08,2 7 11 21 24 28 39,4 37,,archive
2529,2022-07-09,1 5 6 17 31 36 41,11 16,,archive
2530,2022-07-10,6 11 16 33 36 38 42,13 37,,archive
2531,2022-07-11,5 14 17 31 35 42 44,8 39,,archive
2532,2022-07-12,4 9 21 29 37 39 41,17 23,,archive
2533,2022-07-13,1 4 5 14 16 28 32,6 27,,archive
2534,2022-07-14,1 2 8 10 13 29 33,4 26,,archive
2535,2022-07-15,6 11 19 24 37 38 39,9 41,,archive
2536,2022-07-16,2 9 14 17 24 33 34,8 30,,archive
2537,2022-07-17,5 8 9 22 26 31 33,4 43,,archive
2538,2022-07-18,1 2 17 28 29 31 40,4 21,,archive
2539,2022-07-19,2 3 11 28 29 37 40,1 7,,archive
2540,2022-07-20,8 10 13 17 25 36 37,42 43,,archive
2541,2022-07-21,1 16 20 25 30 33 35,32 38,,archive
2542,2022-07-22,15 17 18 24 26 30 37,9 43,,archive
2543,2022-07-23,1 7 21 25 27 39 41,6 34,,archive
2544,2022-07-24,6 13 16 29 37 43 44,9 11,,archive
2545,2022-07-25,1 2 19 23 33 40 44,29 32,,archive
2546,2022-07-26,2 9 17 20 22 33 43,7 29,,archive
2547,2022-07-27,10 18 23 24 26 36 39,5 44,,archive
2548,2022-07-28,9 14 21 26 27 28 38,18 41,,archive
2549,2022-07-29,10 15 23 31 33 36 40,1 42,,archive
2550,2022-07-30,1 10 15 25 37 42 43,16 35,,archive
2551,2022-07-31,4 5 12 22 26 32 33,19 34,,archive
2552,2022-08-01,13 14 22 27 29 30 41,37 43,,archive
2553,2022-08-02,10 16 19 27 38 40 43,13 31,,archive
2554,2022-08-03,7 11 13 22 29 32 42,1 8,,archive
2555,2022-08-04,2 18 20 23 29 34 37,8 16,,archive
2556,2022-08-05,2 4 7 8 12 38 41,11 25,,archive
2557,2022-08-06,5 6 8 26 33 38 44,14 24,,archive
2558,2022-08-07,1 9 22 23 31 40 44,16 32,,archive
2559,2022-08-08,12 15 16 17 18 38 41,9 27,,archive
2560,2022-08-09,1 14 19 22 28 30 41,17 20,,archive
2561,2022-08-10,2 3 7 18 25 26 27,12 19,,archive
2562,2022-08-11,2 12 23 24 27 29 41,4 43,,archive
2563,2022-08-12,2 16 23 26 29 31 32,14 20,,archive
2564,2022-08-13,1 17 26 29 37 38 44,15 40,,archive
2565,2022-08-14,2 14 34 38 40 41 42,20 30,,archive
2566,2022-08-15,4 12 26 34 35 38 44,7 8,,archive
2567,2022-08-16,2 3 8 11 15 20 35,37 41,,archive
2568,2022-08-17,14 18 19 26 28 32 33,2 4,,archive
2569,2022-08-18,7 11 21 23 35 36 38,9 19,,archive
2570,2022-08-19,4 5 8 16 32 38 44,3 37,,archive
2571,2022-08-20,9 12 16 19 20 24 42,21 38,,archive
2572,2022-08-21,1 5 16 28 29 35 42,14 38,,archive
2573,2022-08-22,6 13 18 19 25 37 41,20 33,,archive
2574,2022-08-23,11 18 23 24 27 31 43,16 32,,archive
2575,2022-08-24,8 11 17 26 32 35 36,27 42,,archive
2576,2022-08-25,14 16 18 21 32 35 39,1 37,,archive
2577,2022-08-26,4 7 22 28 33 34 39,13 44,,archive
2578,2022-08-27,4 5 6 10 23 31 33,25 39,,archive
2579,2022-08-28,8 11 18 20 28 39 44,4 31,,archive
2580,2022-08-29,1 21 23 26 32 34 35,13 40,,archive
2581,2022-08-30,10 19 22 23 26 32 37,20 27,,archive
2582,2022-08-31,7 10 25 30 32 35 41,17 43,,archive
2583,2022-09-01,3 8 9 14 18 34 41,17 33,,archive
2584,2022-09-02,5 9 16 21 22 32 36,8 31,,archive
2585,2022-09-03,5 9 18 23 25 31 33,21 37,,archive
2586,2022-09-04,5 11 20 21 25 27 42,7 43,,archive
2587,2022-09-05,4 13 19 31 32 34 37,25 41,,archive
2588,2022-09-06,1 10 22 28 36 41 44,6 15,,archive
2589,2022-09-07,11 18 23 26 33 38 41,13 30,,archive
2590,2022-09-08,8 18 25 27 30 37 44,31 36,,archive
2591,2022-09-09,11 15 22 25 29 37 38,19 44,,archive
2592,2022-09-10,12 18 22 28 29 40 44,10 33,,archive
2593,2022-09-11,7 13 20 24 30 34 42,14 32,,archive
2594,2022-09-12,7 14 16 22 24 28 40,33 42,,archive
2595,2022-09-13,5 14 17 19 32 36 39,26 40,,archive
2596,2022-09-14,2 3 5 6 35 37 38,9 39,,archive
2597,2022-09-15,11 15 22 27 37 41 43,10 34,,archive
2598,2022-09-16,3 11 21 22 23 25 30,6 28,,archive
2599,2022-09-17,1 10 14 16 17 18 25,19 34,,archive
2600,2022-09-18,11 21 28 29 32 35 38,1 26,,archive
2601,2022-09-19,11 25 27 28 29 37 40,1 14,,archive
2602,2022-09-20,4 7 9 15 38 40 43,16 36,,archive
2603,2022-09-21,1 13 15 23 26 30 42,6 21,,archive
2604,2022-09-22,6 21 25 30 32 34 43,23 35,,archive
2605,2022-09-23,2 12 17 18 21 34 41,15 20,,archive
2606,2022-09-24,18 23 28 29 30 42 43,4 40,,archive
2607,2022-09-25,7 14 18 19 28 32 43,13 20,,archive
2608,2022-09-26,17 24 26 31 33 36 41,4 29,,archive
2609,2022-09-27,1 11 12 13 28 38 42,17 41,,archive
2610,2022-09-28,3 6 21 23 34 37 41,1 15,,archive
2611,2022-09-29,7 14 17 23 26 29 41,4 19,,archive
2612,2022-09-30,14 16 27 40 42 43 44,1 41,,archive
2613,2022-10-01,2 8 15 23 31 37 41,13 18,,archive
2614,2022-10-02,7 9 13 15 16 20 31,25 26,,archive
2615,2022-10-03,4 6 7 17 31 34 35,1 33,,archive
2616,2022-10-04,5 21 25 32 33 37 41,14 26,,archive
2617,2022-10-05,11 16 18 30 32 36 39,9 10,,archive
2618,2022-10-06,3 8 16 17 28 36 41,21 39,,archive
2619,2022-10-07,2 7 18 20 24 30 42,17 41,,archive
2620,2022-10-08,13 16 27 32 34 37 43,24 38,,archive
2621,2022-10-09,1 2 20 35 36 38 40,19 27,,archive
2622,2022-10-10,14 20 21 27 37 41 43,3 4,,archive
2623,2022-10-11,9 11 16 21 23 32 42,12 19,,archive
2624,2022-10-12,3 13 15 25 30 37 42,27 33,,archive
2625,2022-10-13,8 11 20 26 29 38 40,18 35,,archive
2626,2022-10-14,3 4 17 18 22 23 29,14 36,,archive
2627,2022-10-15,21 27 28 29 30 31 37,38 39,,archive
2628,2022-10-16,19 20 21 26 32 34 41,7 27,,archive
2629,2022-10-17,6 19 20 38 39 41 43,4 13,,archive
2630,2022-10-18,3 6 14 29 30 33 41,17 44,,archive
2631,2022-10-19,9 17 23 24 27 37 38,7 10,,archive
2632,2022-10-20,7 9 11 12 24 28 34,5 41,,archive
2633,2022-10-21,7 8 19 28 31 38 41,15 35,,archive
2634,2022-10-22,2 3 6 9 13 32 38,12 28,,archive
2635,2022-10-23,7 9 15 16 18 27 28,1 29,,archive
2636,2022-10-24,6 12 15 24 28 40 41,31 34,,archive
2637,2022-10-25,7 18 24 30 31 35 40,9 43,,archive
2638,2022-10-26,7 8 9 24 29 32 41,17 30,,archive
2639,2022-10-27,12 16 29 30 34 39 40,1 25,,archive
2640,2022-10-28,1 7 18 22 40 43 44,35 41,,archive
2641,2022-10-29,6 10 26 29 30 33 40,13 28,,archive
2642,2022-10-30,11 14 25 34 37 38 41,5 10,,archive
2643,2022-10-31,6 11 15 21 22 23 31,13 38,,archive
2644,2022-11-01,12 15 21 22 40 41 43,5 27,,archive
2645,2022-11-02,2 3 11 12 15 32 44,41 43,,archive
2646,2022-11-03,1 12 19 26 31 33 38,7 24,,archive
2647,2022-11-04,2 6 11 12 18 31 41,7 25,,archive
2648,2022-11-05,5 18 21 22 25 37 42,4 32,,archive
2649,2022-11-06,1 2 16 23 34 35 44,22 24,,archive
2650,2022-11-07,1 2 7 13 25 40 44,6 33,,archive
2651,2022-11-08,6 8 12 14 18 20 24,38 39,,archive
2652,2022-11-09,5 14 31 33 34 39 44,15 26,,archive
2653,2022-11-10,11 13 15 16 19 33 42,10 27,,archive
2654,2022-11-11,3 5 17 23 24 35 36,33 40,,archive
2655,2022-11-12,1 11 13 17 20 38 44,5 33,,archive
2656,2022-11-13,3 28 33 34 35 38 44,36 40,,archive
2657,2022-11-14,4 19 23 27 33 37 43,24 38,,archive
2658,2022-11-15,1 3 11 16 27 28 42,5 40,,archive
2659,2022-11-16,2 11 12 29 34 35 38,8 20,,archive
2660,2022-11-17,1 6 16 27 33 37 43,21 35,,archive
2661,2022-11-18,2 4 29 30 32 34 44,1 15,,archive
2662,2022-11-19,4 5 6 23 25 27 42,13 24,,archive
2663,2022-11-20,6 10 27 31 32 39 42,22 35,,archive
2664,2022-11-21,2 4 8 14 16 35 36,3 25,,archive
2665,2022-11-22,3 5 6 20 31 33 38,23 37,,archive
2666,2022-11-23,8 11 17 27 32 35 41,31 39,,archive
2667,2022-11-24,9 15 16 20 36 40 44,11 22,,archive
2668,2022-11-25,4 16 21 22 23 32 36,26 28,,archive
2669,2022-11-26,1 5 13 14 36 37 43,19 28,,archive
2670,2022-11-27,1 4 12 13 17 28 39,38 41,,archive
2671,2022-11-28,1 14 15 26 27 38 44,4 19,,archive
2672,2022-11-29,6 13 21 27 31 32 34,2 30,,archive
2673,2022-11-30,2 13 22 30 32 37 38,10 24,,archive
2674,2022-12-01,1 2 13 17 23 27 36,4 40,,archive
2675,2022-12-02,1 15 23 29 36 41 43,28 32,,archive
2676,2022-12-03,6 15 18 33 36 42 44,17 28,,archive
2677,2022-12-04,12 18 23 32 33 34 41,6 7,,archive
2678,2022-12-05,2 4 5 14 15 24 36,20 29,,archive
2679,2022-12-06,5 25 27 29 33 37 40,24 35,,archive
2680,2022-12-07,8 14 19 33 34 39 41,5 25,,archive
2681,2022-12-08,13 17 21 22 23 24 41,25 37,,archive
2682,2022-12-09,8 13 14 17 21 34 36,9 30,,archive
2683,2022-12-10,1 33 35 36 41 42 43,23 30,,archive
2684,2022-12-11,7 8 18 19 31 32 43,33 42,,archive
2685,2022-12-12,8 10 19 24 34 37 40,15 20,,archive
2686,2022-12-13,1 8 16 17 21 32 33,13 41,,archive
2687,2022-12-14,9 10 13 17 19 27 37,22 39,,archive
2688,2022-12-15,6 7 22 24 25 26 29,17 44,,archive
2689,2022-12-16,3 5 13 16 25 34 44,4 20,,archive
2690,2022-12-17,4 7 14 21 27 28 33,18 42,,archive
2691,2022-12-18,11 18 24 31 32 40 42,12 28,,archive
2692,2022-12-19,1 18 19 22 24 36 41,2 7,,archive
2693,2022-12-20,3 7 9 10 19 42 43,32 33,,archive
2694,2022-12-21,2 3 10 13 14 36 38,16 43,,archive
2695,2022-12-22,7 10 12 15 21 37 43,11 33,,archive
2696,2022-12-23,1 3 6 33 36 37 41,2 13,,archive
2697,2022-12-24,8 18 26 31 34 36 37,14 19,,archive
2698,2022-12-25,1 11 12 20 27 31 34,10 37,,archive
2699,2022-12-26,1 10 14 23 27 36 39,7 19,,archive
2700,2022-12-27,4 5 8 18 20 21 33,7 26,,archive
2701,2022-12-28,2 8 20 28 29 34 37,18 25,,archive
2702,2022-12-29,6 9 10 18 20 38 41,19 32,,archive
2703,2022-12-30,2 11 14 23 26 27 34,21 24,,archive
2704,2022-12-31,3 11 15 19 24 36 43,27 31,,archive
2705,2023-01-01,11 16 30 31 32 38 41,27 29,,archive
2706,2023-01-02,1 12 14 26 29 42 44,19 22,,archive
2707,2023-01-03,6 11 15 19 24 27 30,26 35,,archive
2708,2023-01-04,3 12 14 17 24 27 40,29 30,,archive
2709,2023-01-05,6 10 13 21 32 33 44,23 25,,archive
2710,2023-01-06,5 8 19 22 23 26 40,29 42,,archive
2711,2023-01-07,1 20 26 30 34 35 44,18 40,,archive
2712,2023-01-08,16 20 24 26 34 40 42,15 19,,archive
2713,2023-01-09,1 2 3 9 10 32 39,20 40,,archive
2714,2023-01-10,3 5 13 14 19 38 39,9 37,,archive
2715,2023-01-11,10 16 17 18 21 24 29,2 27,,archive
2716,2023-01-12,1 5 8 16 21 41 43,14 18,,archive
2717,2023-01-13,4 12 14 24 27 28 40,10 32,,archive
2718,2023-01-14,3 14 15 26 28 35 36,10 44,,archive
2719,2023-01-15,4 10 11 19 24 38 44,2 37,,archive
2720,2023-01-16,16 17 19 22 23 32 33,26 37,,archive
2721,2023-01-17,1 10 11 31 35 40 43,5 7,,archive
2722,2023-01-18,6 7 13 27 31 38 39,15 32,,archive
2723,2023-01-19,18 26 29 30 37 38 39,3 17,,archive
2724,2023-01-20,4 5 19 24 25 28 38,21 27,,archive
2725,2023-01-21,1 12 14 17 22 24 42,13 32,,archive
2726,2023-01-22,8 13 27 33 40 41 42,20 29,,archive
2727,2023-01-23,1 2 10 28 32 36 41,14 37,,archive
2728,2023-01-24,3 9 18 20 39 41 42,17 27,,archive
2729,2023-01-25,1 4 8 9 33 40 43,27 41,,archive
2730,2023-01-26,4 12 20 27 28 29 30,15 18,,archive
2731,2023-01-27,6 10 16 31 35 39 41,29 38,,archive
2732,2023-01-28,4 5 9 21 30 33 44,7 35,,archive
2733,2023-01-29,16 17 25 27 34 36 43,33 37,,archive
2734,2023-01-30,13 20 22 25 29 33 36,23 35,,archive
2735,2023-01-31,8 9 17 19 22 28 33,31 36,,archive
2736,2023-02-01,7 9 11 17 26 33 44,2 18,,archive
2737,2023-02-02,4 9 11 14 18 22 41,15 35,,archive
2738,2023-02-03,15 20 21 25 39 40 41,6 14,,archive
2739,2023-02-04,4 25 26 27 32 36 41,9 20,,archive
2740,2023-02-05,12 16 17 22 24 35 42,10 37,,archive
2741,2023-02-06,6 8 12 22 26 28 40,16 37,,archive
2742,2023-02-07,2 13 20 30 36 38 41,15 21,,archive
2743,2023-02-08,2 14 21 22 23 31 37,9 15,,archive
2744,2023-02-09,9 15 20 21 35 39 40,29 30,,archive
2745,2023-02-10,20 24 25 31 38 40 42,12 37,,archive
2746,2023-02-11,14 19 30 35 37 38 43,18 34,,archive
2747,2023-02-12,9 10 19 23 31 32 34,11 28,,archive
2748,2023-02-13,1 2 4 9 28 31 37,8 36,,archive
2749,2023-02-14,3 6 9 16 27 37 39,7 43,,archive
2750,2023-02-15,7 14 17 26 32 33 39,2 29,,archive
2751,2023-02-16,9 27 28 30 31 37 39,26 42,,archive
2752,2023-02-17,5 17 28 32 33 34 44,4 26,,archive
2753,2023-02-18,2 4 6 25 28 36 44,1 29,,archive
2754,2023-02-19,7 9 11 12 14 22 39,23 42,,archive
2755,2023-02-20,1 8 12 17 30 32 42,6 34,,archive
2756,2023-02-21,13 15 19 20 34 35 39,10 36,,archive
2757,2023-02-22,10 12 14 18 24 36 38,23 31,,archive
2758,2023-02-23,3 9 14 15 20 35 37,8 26,,archive
2759,2023-02-24,2 8 24 28 29 33 35,1 40,,archive
2760,2023-02-25,2 12 16 18 20 31 32,3 28,,archive
2761,2023-02-26,12 15 18 19 28 38 39,2 37,,archive
2762,2023-02-27,2 3 21 23 24 29 39,13 19,,archive
2763,2023-02-28,8 11 12 14 24 26 34,2 5,,archive
2764,2023-03-01,12 17 25 34 39 40 44,29 42,,archive
2765,2023-03-02,2 5 10 23 26 39 42,15 34,,archive
2766,2023-03-03,12 16 18 19 31 32 33,8 28,,archive
2767,2023-03-04,4 12 13 21 24 27 34,26 40,,archive
2768,2023-03-05,4 16 20 22 26 29 41,5 24,,archive
2769,2023-03-06,1 21 26 28 31 36 40,29 30,,archive
2770,2023-03-07,8 10 12 32 33 41 42,4 35,,archive
2771,2023-03-08,16 22 23 27 28 29 44,10 15,,archive
2772,2023-03-09,1 15 16 24 25 37 39,2 9,,archive
2773,2023-03-10,2 10 11 12 15 24 39,20 27,,archive
2774,2023-03-11,5 6 32 33 35 38 40,4 11,,archive
2775,2023-03-12,5 7 17 18 22 27 40,3 24,,archive
2776,2023-03-13,8 9 10 14 24 38 41,33 40,,archive
2777,2023-03-14,18 20 23 24 32 34 42,8 40,,archive
2778,2023-03-15,2 3 7 15 20 33 40,10 11,,archive
2779,2023-03-16,2 3 14 19 27 30 44,34 37,,archive
2780,2023-03-17,17 18 20 21 33 37 40,25 29,,archive
2781,2023-03-18,8 14 19 29 34 38 43,23 26,,archive
2782,2023-03-19,6 20 22 28 31 36 39,32 37,,archive
2783,2023-03-20,1 3 13 15 23 24 40,17 22,,archive
2784,2023-03-21,6 9 12 20 30 35 39,14 34,,archive
2785,2023-03-22,1 9 12 14 36 43 44,32 35,,archive
2786,2023-03-23,4 5 17 24 34 38 40,37 39,,archive
2787,2023-03-24,1 2 4 35 37 41 43,6 21,,archive
2788,2023-03-25,9 10 14 19 27 38 41,2 36,,archive
2789,2023-03-26,2 5 9 17 24 25 44,10 16,,archive
2790,2023-03-27,6 17 29 34 36 40 44,22 35,,archive
2791,2023-03-28,4 5 16 20 37 40 42,3 23,,archive
2792,2023-03-29,2 21 22 25 27 32 42,4 16,,archive
2793,2023-03-30,1 2 11 12 16 26 33,23 35,,archive
2794,2023-03-31,4 5 21 25 29 40 42,31 39,,archive
2795,2023-04-01,2 11 18 22 29 35 38,14 40,,archive
2796,2023-04-02,2 5 11 24 25 39 43,27 32,,archive
2797,2023-04-03,2 14 23 24 29 30 41,13 42,,archive
2798,2023-04-04,1 6 10 21 23 33 43,7 11,,archive
2799,2023-04-05,1 2 6 12 14 18 25,8 38,,archive
2800,2023-04-06,3 18 19 28 29 36 41,2 13,,archive
2801,2023-04-07,1 9 25 26 34 38 42,23 32,,archive
2802,2023-04-08,4 7 18 24 27 37 39,12 38,,archive
2803,2023-04-09,7 20 30 35 36 38 39,4 31,,archive
2804,2023-04-10,4 5 16 22 26 40 44,7 8,,archive
2805,2023-04-11,2 3 4 6 19 30 41,18 43,,archive
2806,2023-04-12,13 23 30 36 37 38 39,12 29,,archive
2807,2023-04-13,4 10 17 18 19 21 34,6 30,,archive
2808,2023-04-14,2 8 12 14 18 42 44,3 6,,archive
2809,2023-04-15,6 9 11 16 21 23 32,24 33,,archive
2810,2023-04-16,9 10 18 24 31 35 41,15 26,,archive
2811,2023-04-17,2 4 7 8 29 32 44,10 37,,archive
2812,2023-04-18,8 10 16 18 29 35 37,11 40,,archive
2813,2023-04-19,2 6 12 21 23 28 38,31 36,,archive
2814,2023-04-20,3 4 16 20 23 32 41,8 34,,archive
2815,2023-04-21,3 4 12 15 19 37 39,23 34,,archive
2816,2023-04-22,5 15 16 19 22 32 39,7 33,,archive
2817,2023-04-23,8 17 21 27 28 31 40,30 43,,archive
2818,2023-04-24,1 11 16 28 31 32 41,2 3,,archive
2819,2023-04-25,7 13 14 28 29 32 35,31 38,,archive
2820,2023-04-26,7 11 33 34 35 37 43,21 26,,archive
2821,2023-04-27,2 9 13 22 25 33 42,26 29,,archive
2822,2023-04-28,5 12 14 16 27 39 40,26 44,,archive
2823,2023-04-29,2 4 17 24 35 37 39,7 30,,archive
2824,2023-04-30,18 20 21 26 27 31 43,4 19,,archive
2825,2023-05-01,8 17 20 24 29 34 37,13 21,,archive
2826,2023-05-02,2 8 11 12 13 22 41,25 42,,archive
2827,2023-05-03,1 11 16 22 25 28 32,9 31,,archive
2828,2023-05-04,1 2 9 17 28 34 39,23 36,,archive
2829,2023-05-05,5 12 16 17 24 35 39,9 15,,archive
2830,2023-05-06,3 15 26 27 31 35 36,6 23,,archive
2831,2023-05-07,2 3 8 11 24 28 34,4 10,,archive
2832,2023-05-08,10 17 21 26 33 37 43,4 22,,archive
2833,2023-05-09,3 5 9 21 22 25 43,32 35,,archive
2834,2023-05-10,1 20 24 26 33 35 43,17 36,,archive
2835,2023-05-11,2 7 10 23 26 37 43,33 44,,archive
2836,2023-05-12,9 13 14 25 38 39 41,16 22,,archive
2837,2023-05-13,2 3 8 13 18 34 44,26 42,,archive
2838,2023-05-14,11 13 17 26 27 40 43,3 30,,archive
2839,2023-05-15,2 8 11 12 23 25 44,26 42,,archive
2840,2023-05-16,6 10 23 33 34 41 43,37 40,,archive
2841,2023-05-17,17 19 31 32 37 39 43,9 35,,archive
2842,2023-05-18,1 20 24 25 27 28 37,8 42,,archive
2843,2023-05-19,8 14 20 22 23 42 43,7 9,,archive
2844,2023-05-20,3 4 9 14 18 20 41,5 17,,archive
2845,2023-05-21,2 10 15 18 21 27 40,13 20,,archive
2846,2023-05-22,3 5 6 9 13 19 30,36 41,,archive
2847,2023-05-23,6 7 14 26 29 38 41,2 20,,archive
2848,2023-05-24,15 17 18 28 29 30 40,21 36,,archive
2849,2023-05-25,3 7 19 20 23 28 39,27 38,,archive
2850,2023-05-26,4 5 27 32 38 40 41,8 26,,archive
2851,2023-05-27,4 6 23 27 33 42 44,15 25,,archive
2852,2023-05-28,5 9 25 37 39 41 44,23 26,,archive
2853,2023-05-29,16 20 21 24 40 41 42,26 32,,archive
2854,2023-05-30,12 17 19 25 37 42 43,23 27,,archive
2855,2023-05-31,3 22 23 26 29 32 42,4 11,,archive
2856,2023-06-01,9 12 13 17 36 37 43,1 6,,archive
2857,2023-06-02,8 33 36 38 40 41 43,31 44,,archive
2858,2023-06-03,10 14 15 26 30 37 43,19 41,,archive
2859,2023-06-04,16 20 22 23 25 34 37,14 38,,archive
2860,2023-06-05,2 5 12 16 23 28 30,7 36,,archive
2861,2023-06-06,2 12 15 17 27 29 31,11 18,,archive
2862,2023-06-07,2 7 22 28 38 40 42,3 34,,archive
2863,2023-06-08,5 14 28 30 38 40 44,4 39,,archive
2864,2023-06-09,9 10 25 33 36 38 43,11 32,,archive
2865,2023-06-10,7 13 18 21 32 34 39,17 43,,archive
2866,2023-06-11,4 9 19 26 28 30 41,10 12,,archive
2867,2023-06-12,2 10 11 19 30 35 36,8 23,,archive
2868,2023-06-13,6 16 20 21 30 40 41,18 38,,archive
2869,2023-06-14,5 11 13 17 29 31 40,8 30,,archive
2870,2023-06-15,26 28 33 38 39 40 44,21 30,,archive
2871,2023-06-16,4 6 16 17 19 22 27,3 31,,archive
2872,2023-06-17,12 13 15 27 40 42 44,14 34,,archive
2873,2023-06-18,3 4 8 22 25 30 36,2 29,,archive
2874,2023-06-19,10 13 29 30 37 38 39,6 43,,archive
2875,2023-06-20,7 14 17 21 33 40 41,3 12,,archive
2876,2023-06-21,2 9 19 20 27 36 39,13 37,,archive
2877,2023-06-22,3 4 20 25 31 38 42,10 16,,archive
2878,2023-06-23,2 17 25 26 29 33 36,35 44,,archive
2879,2023-06-24,2 3 15 22 25 32 42,24 33,,archive
2880,2023-06-25,1 4 5 11 19 39 44,18 30,,archive
2881,2023-06-26,4 5 6 13 22 26 37,12 24,,archive
2882,2023-06-27,4 5 9 11 21 30 37,27 33,,archive
2883,2023-06-28,4 14 16 18 28 40 43,38 41,,archive
2884,2023-06-29,1 2 14 17 20 25 26,8 23,,archive
2885,2023-06-30,1 2 5 8 20 28 33,23 31,,archive
2886,2023-07-01,4 5 25 27 37 38 41,9 30,,archive
2887,2023-07-02,8 10 11 15 27 32 42,20 39,,archive
2888,2023-07-03,1 2 5 7 31 32 34,27 28,,archive
2889,2023-07-04,2 4 5 11 26 29 44,9 12,,archive
2890,2023-07-05,4 20 21 22 24 27 34,13 37,,archive
2891,2023-07-06,2 11 13 16 21 25 42,31 38,,archive
2892,2023-07-07,2 6 14 17 19 24 28,7 22,,archive
2893,2023-07-08,1 3 8 13 26 30 44,2 33,,archive
2894,2023-07-09,6 18 19 20 29 31 33,24 39,,archive
2895,2023-07-10,2 15 16 23 24 25 35,39 40,,archive
2896,2023-07-11,4 10 15 20 24 34 40,1 2,,archive
2897,2023-07-12,1 2 9 11 18 20 29,13 32,,archive
2898,2023-07-13,1 5 11 26 31 39 40,13 41,,archive
2899,2023-07-14,3 4 24 28 34 35 42,14 22,,archive
2900,2023-07-15,10 17 18 19 35 39 42,32 40,,archive
2901,2023-07-16,2 9 10 14 17 24 31,1 18,,archive
2902,2023-07-17,3 8 13 25 28 30 37,29 31,,archive
2903,2023-07-18,14 16 18 19 36 38 44,8 32,,archive
2904,2023-07-19,2 4 14 20 27 36 39,26 28,,archive
2905,2023-07-20,4 13 14 26 28 36 38,18 25,,archive
2906,2023-07-21,11 19 21 32 35 40 43,27 28,,archive
2907,2023-07-22,8 12 14 15 21 40 43,18 28,,archive
2908,2023-07-23,6 7 10 21 35 36 39,41 44,,archive
2909,2023-07-24,11 12 13 17 25 30 32,35 43,,archive
2910,2023-07-25,7 8 15 20 25 27 44,2 22,,archive
2911,2023-07-26,14 16 19 23 34 35 41,10 27,,archive
2912,2023-07-27,6 11 12 22 27 30 31,41 44,,archive
2913,2023-07-28,4 5 16 17 28 30 43,19 31,,archive
2914,2023-07-29,3 5 13 21 32 39 44,8 14,,archive
2915,2023-07-30,4 5 9 10 18 23 42,8 11,,archive
2916,2023-07-31,1 8 10 22 31 33 37,18 28,,archive
2917,2023-08-01,4 9 13 16 22 29 30,3 17,,archive
2918,2023-08-02,29 30 32 35 38 40 44,36 43,,archive
2919,2023-08-03,11 16 21 22 31 36 38,26 30,,archive
2920,2023-08-04,3 8 9 15 32 35 42,22 40,,archive
2921,2023-08-05,2 11 12 18 19 26 32,20 24,,archive
2922,2023-08-06,5 8 10 15 27 28 36,32 34,,archive
2923,2023-08-07,10 18 19 20 22 32 33,3 43,,archive
2924,2023-08-08,4 9 22 27 36 37 41,15 18,,archive
2925,2023-08-09,7 13 16 30 31 35 38,3 28,,archive
2926,2023-08-10,2 4 18 19 26 27 44,28 31,,archive
2927,2023-08-11,1 2 4 12 35 39 40,13 17,,archive
2928,2023-08-12,12 15 25 28 31 33 38,9 26,,archive
2929,2023-08-13,10 16 19 20 24 38 44,2 23,,archive
2930,2023-08-14,13 16 18 24 29 32 34,15 41,,archive
2931,2023-08-15,8 14 15 30 31 34 37,3 4,,archive
2932,2023-08-16,1 13 16 19 27 32 37,3 8,,archive
2933,2023-08-17,12 13 25 27 33 36 40,23 30,,archive
2934,2023-08-18,2 9 23 24 31 32 39,15 41,,archive
2935,2023-08-19,2 4 9 19 21 26 28,36 40,,archive
2936,2023-08-20,6 9 11 15 19 20 29,25 27,,archive
2937,2023-08-21,5 9 14 21 35 36 44,13 15,,archive
2938,2023-08-22,9 15 17 19 22 29 41,1 37,,archive
2939,2023-08-23,2 6 9 13 14 18 29,10 24,,archive
2940,2023-08-24,1 9 14 16 19 40 44,34 41,,archive
2941,2023-08-25,6 25 28 36 38 40 41,4 20,,archive
2942,2023-08-26,3 5 9 16 32 38 43,36 44,,archive
2943,2023-08-27,18 29 30 32 37 38 43,11 44,,archive
2944,2023-08-28,10 11 24 30 32 33 38,2 29,,archive
2945,2023-08-29,3 18 19 20 28 35 38,26 27,,archive
2946,2023-08-30,2 13 17 22 26 40 44,33 42,,archive
2947,2023-08-31,1 9 11 13 24 25 26,2 15,,archive
2948,2023-09-01,5 13 20 21 23 38 41,17 43,,archive
2949,2023-09-02,2 4 11 15 32 37 42,1 28,,archive
2950,2023-09-03,4 6 7 19 27 31 42,40 41,,archive
2951,2023-09-04,18 26 34 38 40 42 44,2 30,,archive
2952,2023-09-05,7 14 15 21 27 36 39,13 26,,archive
2953,2023-09-06,11 15 21 25 27 35 36,34 38,,archive
2954,2023-09-07,4 6 14 16 29 31 43,17 39,,archive
2955,2023-09-08,2 7 10 14 16 24 43,36 39,,archive
2956,2023-09-09,5 10 13 25 27 41 42,32 44,,archive
2957,2023-09-10,1 2 3 16 17 21 34,9 14,,archive
2958,2023-09-11,13 16 23 24 34 39 43,14 15,,archive
2959,2023-09-12,6 8 24 25 28 41 43,29 35,,archive
2960,2023-09-13,2 11 13 15 18 23 24,1 43,,archive
2961,2023-09-14,8 12 14 25 31 36 43,19 24,,archive
2962,2023-09-15,2 8 9 12 23 33 35,17 36,,archive
2963,2023-09-16,6 9 19 22 26 28 34,25 41,,archive
2964,2023-09-17,5 9 12 16 19 20 26,24 38,,archive
2965,2023-09-18,7 9 15 19 31 33 39,37 38,,archive
2966,2023-09-19,8 10 13 22 25 39 43,1 27,,archive
2967,2023-09-20,11 21 23 33 36 40 43,5 39,,archive
2968,2023-09-21,4 8 26 31 40 41 42,1 32,,archive
2969,2023-09-22,15 19 21 34 36 39 42,2 33,,archive
2970,2023-09-23,14 17 23 33 35 42 43,20 27,,archive
2971,2023-09-24,1 20 21 28 32 36 37,4 15,,archive
2972,2023-09-25,6 10 11 19 36 40 43,18 23,,archive
2973,2023-09-26,5 11 15 18 22 29 38,31 44,,archive
2974,2023-09-27,6 7 10 15 32 38 42,18 29,,archive
2975,2023-09-28,5 9 12 19 24 25 29,3 28,,archive
2976,2023-09-29,7 9 11 21 23 26 32,12 17,,archive
2977,2023-09-30,1 2 23 24 27 31 43,4 12,,archive
2978,2023-10-01,9 11 12 33 35 38 43,2 16,,archive
2979,2023-10-02,14 15 18 21 27 28 29,9 24,,archive
2980,2023-10-03,8 17 23 30 41 42 44,22 43,,archive
2981,2023-10-04,4 16 23 32 34 36 42,22 38,,archive
2982,2023-10-05,7 8 10 17 26 30 32,1 37,,archive
2983,2023-10-06,1 5 6 13 33 36 43,4 21,,archive
2984,2023-10-07,1 6 22 26 27 32 41,23 34,,archive
2985,2023-10-08,10 20 23 26 29 41 42,9 37,,archive
2986,2023-10-09,12 14 27 33 34 41 43,7 11,,archive
2987,2023-10-10,1 3 5 12 14 31 43,7 20,,archive
2988,2023-10-11,11 17 19 20 33 34 39,12 24,,archive
2989,2023-10-12,8 19 20 29 32 37 43,16 40,,archive
2990,2023-10-13,9 14 15 27 39 42 43,13 37,,archive
2991,2023-10-14,8 11 17 21 33 40 41,4 35,,archive
2992,2023-10-15,5 7 25 28 32 42 44,23 37,,archive
2993,2023-10-16,16 22 23 24 40 42 43,19 26,,archive
2994,2023-10-17,2 4 11 20 36 38 40,10 21,,archive
2995,2023-10-18,4 5 8 12 17 23 34,28 29,,archive
2996,2023-10-19,7 8 25 26 29 35 42,38 39,,archive
2997,2023-10-20,7 19 29 30 31 43 44,20 32,,archive
2998,2023-10-21,1 16 21 22 23 33 44,17 43,,archive
2999,2023-10-22,5 14 20 21 23 37 40,17 42,,archive
3000,2023-10-23,3 23 30 35 39 41 42,18 24,,archive
3001,2023-10-24,2 10 22 30 32 38 44,1 34,,archive
3002,2023-10-25,2 5 12 22 23 30 44,26 34,,archive
3003,2023-10-26,11 12 15 18 20 39 40,19 32,,archive
3004,2023-10-27,5 9 11 17 35 37 38,4 39,,archive
3005,2023-10-28,1 18 20 26 29 31 43,10 28,,archive
3006,2023-10-29,3 13 15 17 32 36 37,9 43,,archive
3007,2023-10-30,17 19 24 26 33 36 40,29 43,,archive
3008,2023-10-31,5 7 15 17 24 26 27,1 34,,archive
3009,2023-11-01,1 4 5 7 11 12 37,27 31,,archive
3010,2023-11-02,16 19 23 24 39 41 42,5 7,,archive
3011,2023-11-03,1 3 4 17 24 28 40,15 18,,archive
3012,2023-11-04,1 2 15 17 29 30 42,13 22,,archive
3013,2023-11-05,13 17 18 30 32 37 40,22 31,,archive
3014,2023-11-06,14 24 26 29 36 38 42,32 35,,archive
3015,2023-11-07,6 8 9 26 27 30 43,35 44,,archive
3016,2023-11-08,9 10 19 22 24 31 40,4 37,,archive
3017,2023-11-09,3 5 13 15 26 36 38,20 29,,archive
3018,2023-11-10,1 8 12 14 20 25 30,2 21,,archive
3019,2023-11-11,2 18 25 26 33 35 38,12 28,,archive
3020,2023-11-12,2 6 13 19 20 23 39,5 11,,archive
3021,2023-11-13,10 19 20 36 38 41 43,7 31,,archive
3022,2023-11-14,3 7 9 12 27 28 39,5 24,,archive
3023,2023-11-15,9 14 21 24 25 41 44,1 20,,archive
3024,2023-11-16,7 9 11 18 24 26 41,3 43,,archive
3025,2023-11-17,10 13 16 19 26 35 38,9 18,,archive
3026,2023-11-18,3 17 18 28 38 41 42,27 39,,archive
3027,2023-11-19,4 20 30 31 34 37 44,8 21,,archive
3028,2023-11-20,3 22 28 30 34 37 39,13 18,,archive
3029,2023-11-21,9 14 21 29 30 37 41,24 26,,archive
3030,2023-11-22,8 9 17 30 32 34 37,14 26,,archive
3031,2023-11-23,2 14 23 30 35 36 41,7 28,,archive
3032,2023-11-24,1 3 4 10 15 24 43,8 40,,archive
3033,2023-11-25,7 22 23 25 30 37 38,19 34,,archive
3034,2023-11-26,1 6 9 15 30 31 44,13 21,,archive
3035,2023-11-27,2 5 7 10 31 42 43,19 22,,archive
3036,2023-11-28,1 12 19 23 30 36 44,32 40,,archive
3037,2023-11-29,2 4 21 25 34 37 38,3 10,,archive
3038,2023-11-30,2 10 11 16 25 32 34,14 21,,archive
3039,2023-12-01,23 24 27 32 36 41 43,11 42,,archive
3040,2023-12-02,6 13 16 32 34 38 40,21 26,,archive
3041,2023-12-03,4 7 14 25 38 39 40,10 18,,archive
3042,2023-12-04,5 6 7 10 22 26 33,21 31,,archive
3043,2023-12-05,3 4 10 16 28 39 43,25 40,,archive
3044,2023-12-06,5 6 11 12 14 15 20,16 33,,archive
3045,2023-12-07,1 11 28 33 36 37 42,9 13,,archive
3046,2023-12-08,2 25 30 31 33 34 40,9 12,,archive
3047,2023-12-09,19 20 24 31 32 37 44,12 23,,archive
3048,2023-12-10,15 17 19 21 24 25 43,23 26,,archive
3049,2023-12-11,2 10 12 16 25 31 35,18 19,,archive
3050,2023-12-12,2 25 30 40 41 43 44,16 38,,archive
3051,2023-12-13,5 15 22 26 27 32 33,9 38,,archive
3052,2023-12-14,20 26 28 38 39 40 42,22 29,,archive
3053,2023-12-15,20 21 28 29 30 32 36,16 31,,archive
3054,2023-12-16,7 15 24 25 30 33 40,2 23,,archive
3055,2023-12-17,1 21 22 23 32 34 41,14 28,,archive
3056,2023-12-18,18 21 25 38 39 41 44,8 34,,archive
3057,2023-12-19,3 7 13 29 33 36 43,22 35,,archive
3058,2023-12-20,3 14 17 20 24 27 38,26 40,,archive
3059,2023-12-21,2 4 6 14 23 32 42,27 33,,archive
3060,2023-12-22,8 15 16 27 28 29 33,26 36,,archive
3061,2023-12-23,10 13 27 28 40 41 44,15 32,,archive
3062,2023-12-24,8 12 19 22 26 33 37,11 43,,archive
3063,2023-12-25,13 14 29 31 40 41 44,20 21,,archive
3064,2023-12-26,3 16 17 19 30 31 42,18 25,,archive
3065,2023-12-27,7 10 12 25 28 30 37,11 34,,archive
3066,2023-12-28,1 13 16 18 19 23 25,8 42,,archive
3067,2023-12-29,8 9 15 26 27 32 34,6 38,,archive
3068,2023-12-30,9 13 19 21 29 38 41,14 34,,archive
3069,2023-12-31,1 4 5 10 12 13 15,14 26,,archive
3070,2024-01-01,5 13 19 20 24 41 44,39 40,,archive
3071,2024-01-02,5 15 16 24 34 40 44,8 11,,archive
3072,2024-01-03,1 18 24 26 29 34 37,38 40,,archive
3073,2024-01-04,2 8 10 20 34 35 40,3 33,,archive
3074,2024-01-05,3 8 22 23 25 28 43,6 26,,archive
3075,2024-01-06,1 10 18 21 27 36 40,33 41,,archive
3076,2024-01-07,3 6 17 22 24 26 27,23 34,,archive
3077,2024-01-08,1 10 12 17 21 28 29,40 42,,archive
3078,2024-01-09,3 10 16 19 25 35 39,22 29,,archive
3079,2024-01-10,4 8 15 32 33 39 42,16 31,,archive
3080,2024-01-11,1 3 20 22 29 37 44,9 28,,archive
3081,2024-01-12,2 6 17 19 28 40 43,22 39,,archive
3082,2024-01-13,6 7 16 22 30 34 37,21 38,,archive
3083,2024-01-14,4 14 17 20 23 38 42,1 2,,archive
3084,2024-01-15,4 9 11 24 26 35 43,1 29,,archive
3085,2024-01-16,1 6 8 9 29 31 42,11 39,,archive
3086,2024-01-17,1 13 14 15 22 40 41,37 42,,archive
3087,2024-01-18,1 23 24 27 35 39 41,6 42,,archive
3088,2024-01-19,2 5 6 8 27 33 42,21 43,,archive
3089,2024-01-20,4 11 13 24 26 32 35,14 44,,archive
3090,2024-01-21,2 8 9 10 18 27 36,12 19,,archive
3091,2024-01-22,9 12 13 23 25 28 41,11 32,,archive
3092,2024-01-23,4 5 7 16 23 24 41,19 40,,archive
3093,2024-01-24,1 4 25 34 37 38 41,42 44,,archive
3094,2024-01-25,3 7 9 11 16 26 39,24 30,,archive
3095,2024-01-26,1 12 16 21 33 38 39,13 25,,archive
3096,2024-01-27,4 18 29 33 34 37 41,26 36,,archive
3097,2024-01-28,1 7 17 29 33 34 43,9 13,,archive
3098,2024-01-29,3 5 18 19 25 30 41,2 22,,archive
3099,2024-01-30,6 9 18 25 35 40 43,10 42,,archive
3100,2024-01-31,2 4 10 16 28 39 42,19 38,,archive
3101,2024-02-01,5 17 20 27 28 30 38,6 42,,archive
3102,2024-02-02,9 12 15 17 25 42 43,1 11,,archive
3103,2024-02-03,6 16 26 27 30 43 44,20 21,,archive
3104,2024-02-04,5 16 19 22 29 43 44,10 38,,archive
3105,2024-02-05,9 13 14 18 23 31 40,17 29,,archive
3106,2024-02-06,2 17 20 24 26 32 40,3 8,,archive
3107,2024-02-07,2 3 15 18 21 32 34,23 30,,archive
3108,2024-02-08,6 19 20 21 30 39 44,7 17,,archive
3109,2024-02-09,2 7 9 14 23 29 31,18 35,,archive
3110,2024-02-10,2 4 7 18 23 39 43,11 25,,archive
3111,2024-02-11,2 8 9 16 20 22 25,18 34,,archive
3112,2024-02-12,8 9 11 13 16 26 30,37 38,,archive
3113,2024-02-13,1 4 5 14 18 27 41,9 10,,archive
3114,2024-02-14,8 14 16 21 23 31 40,29 37,,archive
3115,2024-02-15,4 11 12 34 38 39 41,8 21,,archive
3116,2024-02-16,6 9 19 25 34 40 42,7 10,,archive
3117,2024-02-17,12 14 15 19 23 29 43,27 40,,archive
3118,2024-02-18,9 15 20 22 25 26 37,4 5,,archive
3119,2024-02-19,16 23 28 35 37 39 42,4 41,,archive
3120,2024-02-20,4 6 14 19 39 41 43,1 22,,archive
3121,2024-02-21,3 9 10 24 39 41 42,14 17,,archive
3122,2024-02-22,9 10 25 33 34 39 44,23 42,,archive
3123,2024-02-23,8 12 14 15 21 27 30,1 18,,archive
3124,2024-02-24,6 17 19 24 25 29 44,16 21,,archive
3125,2024-02-25,8 14 20 26 27 41 44,4 38,,archive
3126,2024-02-26,6 12 19 25 32 40 42,22 26,,archive
3127,2024-02-27,1 6 8 10 16 25 34,18 24,,archive
3128,2024-02-28,5 10 19 26 36 37 43,24 29,,archive
3129,2024-02-29,3 5 15 21 26 30 40,14 44,,archive
3130,2024-03-01,9 18 19 20 24 37 41,4 10,,archive
3131,2024-03-02,5 8 12 13 21 42 43,27 29,,archive
3132,2024-03-03,17 20 30 32 34 35 41,16 22,,archive
3133,2024-03-04,7 9 24 26 28 30 31,12 38,,archive
3134,2024-03-05,2 12 19 20 38 39 44,4 31,,archive
3135,2024-03-06,12 14 20 22 24 25 27,2 36,,archive
3136,2024-03-07,8 9 10 11 19 31 37,4 44,,archive
3137,2024-03-08,5 8 17 18 24 29 41,32 35,,archive
3138,2024-03-09,7 8 20 34 36 39 41,18 23,,archive
3139,2024-03-10,7 14 23 26 33 34 37,27 28,,archive
3140,2024-03-11,23 24 25 28 33 34 38,12 44,,archive
3141,2024-03-12,2 3 18 26 33 34 42,14 37,,archive
3142,2024-03-13,6 8 20 29 31 36 40,7 37,,archive
3143,2024-03-14,2 11 12 14 17 19 35,5 15,,archive
3144,2024-03-15,2 11 14 19 23 36 39,7 31,,archive
3145,2024-03-16,3 26 30 32 37 38 42,2 34,,archive
3146,2024-03-17,4 18 19 21 22 25 26,35 39,,archive
3147,2024-03-18,10 15 17 19 20 25 38,41 42,,archive
3148,2024-03-19,9 16 24 33 40 41 43,11 13,,archive
3149,2024-03-20,1 2 18 20 27 35 36,28 31,,archive
3150,2024-03-21,1 10 12 15 26 29 39,18 32,,archive
3151,2024-03-22,1 4 7 17 18 27 41,10 31,,archive
3152,2024-03-23,17 18 19 21 29 31 37,1 6,,archive
3153,2024-03-24,10 12 13 17 23 27 32,7 14,,archive
3154,2024-03-25,11 18 24 27 29 30 41,8 44,,archive
3155,2024-03-26,2 5 8 15 17 25 26,1 14,,archive
3156,2024-03-27,7 21 23 27 28 30 44,32 36,,archive
3157,2024-03-28,8 10 15 18 37 41 42,13 28,,archive
3158,2024-03-29,4 6 14 23 27 37 40,25 42,,archive
3159,2024-03-30,2 4 10 16 28 32 36,6 27,,archive
3160,2024-03-31,14 16 23 24 26 30 40,38 39,,archive
3161,2024-04-01,8 13 20 22 24 42 44,31 33,,archive
3162,2024-04-02,9 13 22 26 32 34 42,8 28,,archive
3163,2024-04-03,4 8 9 15 25 40 44,32 43,,archive
3164,2024-04-04,3 6 12 24 26 35 43,8 14,,archive
3165,2024-04-05,8 9 13 18 31 37 44,17 23,,archive
3166,2024-04-06,14 21 28 29 31 35 36,11 39,,archive
3167,2024-04-07,2 6 18 24 31 43 44,34 36,,archive
3168,2024-04-08,1 6 21 22 30 34 35,27 32,,archive
3169,2024-04-09,7 9 12 32 35 36 38,2 44,,archive
3170,2024-04-10,3 4 11 19 26 29 37,41 44,,archive
3171,2024-04-11,7 8 14 22 39 41 44,17 37,,archive
3172,2024-04-12,3 6 15 27 28 32 40,12 39,,archive
3173,2024-04-13,2 8 15 22 24 40 44,18 28,,archive
3174,2024-04-14,2 4 6 9 29 40 41,26 44,,archive
3175,2024-04-15,7 13 21 22 25 28 33,24 26,,archive
3176,2024-04-16,2 5 8 16 37 41 43,15 34,,archive
3177,2024-04-17,3 6 10 20 22 38 42,8 29,,archive
3178,2024-04-18,15 16 28 31 35 37 43,7 27,,archive
3179,2024-04-19,8 9 11 17 19 28 40,2 37,,archive
3180,2024-04-20,14 21 25 32 35 36 37,1 29,,archive
3181,2024-04-21,5 15 16 34 38 40 44,3 22,,archive
3182,2024-04-22,7 11 23 28 31 32 35,13 41,,archive
3183,2024-04-23,3 7 12 18 20 24 29,4 38,,archive
3184,2024-04-24,1 3 7 16 26 28 37,21 41,,archive
3185,2024-04-25,9 10 11 19 25 27 44,20 21,,archive
3186,2024-04-26,2 10 12 14 26 29 36,7 8,,archive
3187,2024-04-27,9 22 25 27 32 35 42,11 29,,archive
3188,2024-04-28,3 10 14 16 23 26 34,9 35,,archive
3189,2024-04-29,10 18 31 33 36 37 38,4 20,,archive
3190,2024-04-30,2 3 7 14 28 31 35,24 43,,archive
3191,2024-05-01,9 13 17 20 27 34 39,23 36,,archive
3192,2024-05-02,9 10 13 18 24 25 41,4 38,,archive
3193,2024-05-03,20 31 34 36 37 41 43,15 16,,archive
3194,2024-05-04,6 12 17 27 39 40 43,21 37,,archive
3195,2024-05-05,10 11 27 34 36 39 41,1 14,,archive
3196,2024-05-06,3 16 20 23 26 31 32,17 40,,archive
3197,2024-05-07,1 13 15 16 20 21 43,42 44,,archive
3198,2024-05-08,7 11 16 18 27 30 41,28 44,,archive
3199,2024-05-09,13 17 23 26 29 35 38,7 43,,archive
3200,2024-05-10,7 13 22 25 28 32 33,4 35,,archive
3201,2024-05-11,12 23 24 29 32 34 41,11 21,,archive
3202,2024-05-12,11 16 24 27 33 36 37,5 6,,archive
3203,2024-05-13,6 10 25 27 30 35 41,2 20,,archive
3204,2024-05-14,4 8 10 16 22 29 44,6 36,,archive
3205,2024-05-15,2 4 17 18 26 31 38,8 10,,archive
3206,2024-05-16,3 12 16 28 29 34 44,17 41,,archive
3207,2024-05-17,7 15 17 19 23 35 39,24 43,,archive
3208,2024-05-18,3 9 20 33 37 38 39,4 10,,archive
3209,2024-05-19,2 3 8 11 15 27 35,1 25,,archive
3210,2024-05-20,1 14 18 19 35 39 43,23 25,,archive
3211,2024-05-21,1 15 26 28 29 32 33,4 5,,archive
3212,2024-05-22,3 14 24 34 35 40 41,11 27,,archive
3213,2024-05-23,2 4 9 17 36 37 43,1 16,,archive
3214,2024-05-24,3 11 12 13 21 31 34,1 5,,archive
3215,2024-05-25,13 17 22 26 39 41 42,1 43,,archive
3216,2024-05-26,2 16 20 26 27 35 37,8 23,,archive
3217,2024-05-27,3 5 9 38 39 40 41,19 33,,archive
3218,2024-05-28,1 2 17 19 25 34 44,22 40,,archive
3219,2024-05-29,8 10 11 17 27 40 43,3 33,,archive
3220,2024-05-30,5 8 20 21 28 33 40,4 22,,archive
3221,2024-05-31,3 4 14 17 32 37 40,15 41,,archive
3222,2024-06-01,4 7 10 21 27 30 42,31 44,,archive
3223,2024-06-02,2 9 12 14 26 35 41,13 24,,archive
3224,2024-06-03,8 10 11 24 37 42 43,1 39,,archive
3225,2024-06-04,7 16 24 27 28 29 33,6 37,,archive
3226,2024-06-05,3 8 20 26 28 31 32,15 35,,archive
3227,2024-06-06,8 9 17 24 26 30 34,15 36,,archive
3228,2024-06-07,6 15 17 24 37 38 39,2 40,,archive
3229,2024-06-08,1 17 29 31 33 40 42,21 37,,archive
3230,2024-06-09,1 17 20 22 33 37 43,27 40,,archive
3231,2024-06-10,3 8 10 19 24 31 35,2 42,,archive
3232,2024-06-11,10 14 18 20 28 34 35,29 37,,archive
3233,2024-06-12,1 5 6 9 19 31 43,3 29,,archive
3234,2024-06-13,9 11 15 21 39 42 43,5 41,,archive
3235,2024-06-14,7 14 18 24 26 30 40,36 42,,archive
3236,2024-06-15,4 13 24 28 30 38 43,20 42,,archive
3237,2024-06-16,2 12 19 23 24 29 35,8 20,,archive
3238,2024-06-17,5 15 21 30 31 33 41,4 22,,archive
3239,2024-06-18,7 9 22 36 41 42 44,11 33,,archive
3240,2024-06-19,15 18 20 26 31 43 44,12 39,,archive
3241,2024-06-20,2 17 23 30 31 34 41,14 37,,archive
3242,2024-06-21,3 22 24 37 41 42 43,28 29,,archive
3243,2024-06-22,3 18 26 29 31 32 34,9 10,,archive
3244,2024-06-23,10 14 16 35 36 40 41,32 38,,archive
3245,2024-06-24,10 11 14 19 31 37 42,28 39,,archive
3246,2024-06-25,13 16 19 22 29 36 43,7 11,,archive
3247,2024-06-26,10 13 14 24 25 36 41,11 32,,archive
3248,2024-06-27,3 15 19 20 23 27 33,16 22,,archive
3249,2024-06-28,3 14 18 22 27 33 34,11 13,,archive
3250,2024-06-29,2 5 6 11 24 28 40,9 31,,archive
3251,2024-06-30,1 7 14 17 19 36 42,43 44,,archive
3252,2024-07-01,5 16 24 31 35 41 43,10 20,,archive
3253,2024-07-02,4 6 7 23 31 35 43,37 39,,archive
3254,2024-07-03,11 19 31 32 38 39 42,5 43,,archive
3255,2024-07-04,8 14 17 24 32 39 44,3 20,,archive
3256,2024-07-05,4 5 6 20 24 32 42,2 13,,archive
3257,2024-07-06,13 18 22 25 32 43 44,11 40,,archive
3258,2024-07-07,8 10 11 13 15 26 41,4 33,,archive
3259,2024-07-08,1 7 21 29 37 41 43,25 33,,archive
3260,2024-07-09,2 4 5 6 15 24 27,18 20,,archive
3261,2024-07-10,1 5 6 10 19 29 43,3 31,,archive
3262,2024-07-11,10 22 24 25 27 36 40,33 38,,archive
3263,2024-07-12,13 16 17 21 35 37 44,7 12,,archive
3264,2024-07-13,6 14 23 25 26 30 32,24 29,,archive
3265,2024-07-14,6 8 16 28 30 33 41,13 34,,archive
3266,2024-07-15,2 23 26 34 39 40 43,7 35,,archive
3267,2024-07-16,3 23 27 38 40 42 43,12 30,,archive
3268,2024-07-17,2 5 15 16 21 27 33,9 25,,archive
3269,2024-07-18,11 16 23 27 30 31 33,1 2,,archive
3270,2024-07-19,7 12 18 20 22 26 39,17 44,,archive
3271,2024-07-20,1 3 13 18 23 34 42,6 43,,archive
3272,2024-07-21,2 13 26 29 30 34 37,8 20,,archive
3273,2024-07-22,2 16 19 21 23 31 40,32 38,,archive
3274,2024-07-23,1 6 19 22 25 27 31,12 44,,archive
3275,2024-07-24,6 8 13 16 18 37 40,29 33,,archive
3276,2024-07-25,3 5 6 7 9 12 23,25 38,,archive
3277,2024-07-26,4 8 13 22 31 33 40,16 34,,archive
3278,2024-07-27,6 16 24 28 34 37 44,2 27,,archive
3279,2024-07-28,1 2 23 27 29 31 38,12 19,,archive
3280,2024-07-29,17 19 22 23 30 31 42,10 36,,archive
3281,2024-07-30,13 21 22 23 26 27 32,7 8,,archive
3282,2024-07-31,3 8 18 25 30 39 41,6 24,,archive
3283,2024-08-01,1 10 11 18 20 42 44,23 31,,archive
3284,2024-08-02,3 6 9 21 25 37 42,2 30,,archive
3285,2024-08-03,2 10 11 13 15 39 40,31 44,,archive
3286,2024-08-04,10 11 14 16 30 37 43,19 38,,archive
3287,2024-08-05,4 9 12 25 26 32 40,10 39,,archive
3288,2024-08-06,3 7 21 35 40 43 44,6 18,,archive
3289,2024-08-07,3 9 12 21 22 34 38,4 30,,archive
3290,2024-08-08,2 4 5 10 39 41 42,6 20,,archive
3291,2024-08-09,7 8 9 12 29 37 44,2 22,,archive
3292,2024-08-10,17 19 21 27 32 33 39,20 41,,archive
3293,2024-08-11,8 20 23 24 25 27 29,7 31,,archive
3294,2024-08-12,4 20 23 31 37 38 40,5 11,,archive
3295,2024-08-13,1 2 23 25 29 30 36,16 40,,archive
3296,2024-08-14,1 5 10 19 21 25 36,12 24,,archive
3297,2024-08-15,7 13 22 30 34 35 43,19 44,,archive
3298,2024-08-16,2 3 9 25 29 37 38,19 26,,archive
3299,2024-08-17,4 14 23 31 35 37 44,17 25,,archive
3300,2024-08-18,8 13 22 29 30 34 43,14 31,,archive
3301,2024-08-19,1 9 11 32 34 36 44,10 43,,archive
3302,2024-08-20,21 25 26 28 30 34 35,42 43,,archive
3303,2024-08-21,11 16 22 25 29 37 41,9 10,,archive
3304,2024-08-22,3 14 17 19 20 34 41,18 44,,archive
3305,2024-08-23,15 17 19 20 26 31 32,18 28,,archive
3306,2024-08-24,5 10 19 26 31 36 37,4 35,,archive
3307,2024-08-25,6 12 19 26 29 35 36,23 39,,archive
3308,2024-08-26,1 2 5 35 40 43 44,34 42,,archive
3309,2024-08-27,10 28 29 35 36 37 43,19 22,,archive
3310,2024-08-28,3 13 18 29 32 35 40,23 26,,archive
3311,2024-08-29,1 5 12 16 20 25 31,40 43,,archive
3312,2024-08-30,6 10 15 21 25 26 39,12 30,,archive
3313,2024-08-31,7 10 11 15 37 39 43,19 40,,archive
3314,2024-09-01,6 16 21 24 30 38 40,13 37,,archive
3315,2024-09-02,2 4 5 10 20 34 43,11 17,,archive
3316,2024-09-03,3 4 5 21 22 25 32,34 35,,archive
3317,2024-09-04,9 11 27 30 31 33 43,12 32,,archive
3318,2024-09-05,3 13 16 20 23 26 42,6 11,,archive
3319,2024-09-06,10 11 24 26 28 29 32,14 35,,archive
3320,2024-09-07,5 6 12 17 22 23 39,15 42,,archive
3321,2024-09-08,10 17 30 34 38 40 44,21 28,,archive
3322,2024-09-09,5 8 17 29 30 31 32,22 43,,archive
3323,2024-09-10,3 8 9 10 18 34 44,16 43,,archive
3324,2024-09-11,2 7 13 14 15 39 42,33 36,,archive
3325,2024-09-12,5 6 16 24 34 36 42,14 35,,archive
3326,2024-09-13,4 7 14 18 22 26 40,2 44,,archive
3327,2024-09-14,5 6 21 31 33 35 42,4 14,,archive
3328,2024-09-15,5 7 8 20 29 37 43,16 35,,archive
3329,2024-09-16,6 19 21 24 29 37 42,12 25,,archive
3330,2024-09-17,16 22 30 40 42 43 44,7 25,,archive
3331,2024-09-18,5 9 11 20 28 37 40,19 29,,archive
3332,2024-09-19,7 13 14 20 26 34 36,10 31,,archive
3333,2024-09-20,2 10 14 26 41 43 44,21 23,,archive
3334,2024-09-21,3 8 10 13 28 31 32,21 34,,archive
3335,2024-09-22,11 12 13 18 28 34 42,31 43,,archive
3336,2024-09-23,2 8 9 14 20 32 39,3 28,,archive
3337,2024-09-24,8 9 10 17 31 40 43,41 42,,archive
3338,2024-09-25,10 11 12 23 26 35 42,24 32,,archive
3339,2024-09-26,11 12 20 27 32 37 41,8 36,,archive
3340,2024-09-27,12 20 21 23 29 35 40,15 39,,archive
3341,2024-09-28,7 13 15 17 23 37 38,3 16,,archive
3342,2024-09-29,8 21 29 30 37 39 41,16 22,,archive
3343,2024-09-30,10 13 17 26 33 34 39,9 35,,archive
3344,2024-10-01,2 6 16 31 35 40 44,20 27,,archive
3345,2024-10-02,9 12 13 14 15 20 43,11 30,,archive
3346,2024-10-03,11 12 22 24 32 35 42,26 44,,archive
3347,2024-10-04,10 21 26 28 32 33 42,5 7,,archive
3348,2024-10-05,2 6 11 12 25 26 43,15 23,,archive
3349,2024-10-06,6 17 19 23 25 38 39,7 42,,archive
3350,2024-10-07,3 4 14 27 29 33 39,2 17,,archive
3351,2024-10-08,1 2 13 17 25 34 40,12 14,,archive
3352,2024-10-09,10 13 14 15 19 24 41,5 27,,archive
3353,2024-10-10,6 17 18 22 23 40 41,25 30,,archive
3354,2024-10-11,10 16 17 29 31 36 37,30 41,,archive
3355,2024-10-12,13 17 25 33 34 38 43,26 41,,archive
3356,2024-10-13,4 5 11 13 26 30 40,1 25,,archive
3357,2024-10-14,2 11 16 17 20 36 42,14 29,,archive
3358,2024-10-15,1 10 12 27 31 37 43,33 44,,archive
3359,2024-10-16,6 14 19 23 28 39 43,9 37,,archive
3360,2024-10-17,4 6 14 27 28 35 36,15 16,,archive
3361,2024-10-18,6 12 21 26 30 31 37,7 27,,archive
3362,2024-10-19,1 4 9 28 30 32 34,33 43,,archive
3363,2024-10-20,1 11 18 23 24 27 35,6 22,,archive
3364,2024-10-21,7 10 16 31 32 41 43,1 4,,archive
3365,2024-10-22,2 12 26 27 31 35 40,3 38,,archive
3366,2024-10-23,1 18 34 35 40 41 43,5 23,,archive
3367,2024-10-24,13 15 16 25 32 38 41,4 26,,archive
3368,2024-10-25,5 6 8 12 13 28 37,14 16,,archive
3369,2024-10-26,9 17 18 19 23 25 40,29 36,,archive
3370,2024-10-27,5 13 15 24 30 43 44,27 38,,archive
3371,2024-10-28,6 16 19 26 29 33 40,17 34,,archive
3372,2024-10-29,1 8 9 29 35 36 37,30 44,,archive
3373,2024-10-30,20 26 27 29 33 37 39,14 30,,archive
3374,2024-10-31,9 19 20 30 41 42 44,3 5,,archive
3375,2024-11-01,7 17 26 32 36 37 41,34 39,,archive
3376,2024-11-02,4 14 20 22 24 26 33,15 34,,archive
3377,2024-11-03,1 4 21 22 26 35 38,3 27,,archive
3378,2024-11-04,1 8 9 19 20 25 44,6 15,,archive
3379,2024-11-05,1 4 25 32 35 36 39,14 26,,archive
3380,2024-11-06,5 8 15 19 25 38 39,13 17,,archive
3381,2024-11-07,9 15 25 28 37 39 44,10 32,,archive
3382,2024-11-08,2 12 20 32 37 39 43,14 19,,archive
3383,2024-11-09,3 8 12 25 26 29 35,1 22,,archive
3384,2024-11-10,6 7 15 22 26 35 41,28 39,,archive
3385,2024-11-11,1 8 9 20 30 40 44,15 39,,archive
3386,2024-11-12,12 15 21 24 25 27 41,28 38,,archive
3387,2024-11-13,18 19 21 30 32 36 40,2 8,,archive
3388,2024-11-14,12 23 30 38 40 41 42,35 37,,archive
3389,2024-11-15,3 18 22 27 33 35 43,32 44,,archive
3390,2024-11-16,2 3 11 25 26 37 38,24 32,,archive
3391,2024-11-17,7 8 11 13 25 30 39,37 42,,archive
3392,2024-11-18,7 13 16 20 29 30 31,22 38,,archive
3393,2024-11-19,10 13 22 26 32 33 40,11 42,,archive
3394,2024-11-20,7 10 19 20 26 40 43,34 41,,archive
3395,2024-11-21,9 10 11 20 27 36 42,21 23,,archive
3396,2024-11-22,4 17 21 24 25 37 43,22 23,,archive
3397,2024-11-23,5 7 10 23 25 30 36,15 27,,archive
3398,2024-11-24,1 6 14 28 32 34 37,8 16,,archive
3399,2024-11-25,15 18 19 24 29 31 32,30 41,,archive
3400,2024-11-26,8 9 14 16 17 30 33,5 7,,archive
3401,2024-11-27,3 7 9 16 23 29 38,31 44,,archive
3402,2024-11-28,13 14 19 24 28 30 39,6 20,,archive
3403,2024-11-29,2 11 17 27 28 32 35,12 26,,archive
3404,2024-11-30,3 5 19 28 29 33 40,9 38,,archive
3405,2024-12-01,2 12 15 17 39 42 43,13 35,,archive
3406,2024-12-02,1 6 10 12 26 30 38,4 9,,archive
3407,2024-12-03,1 26 30 33 37 39 41,5 12,,archive
3408,2024-12-04,10 13 16 38 40 42 44,24 25,,archive
3409,2024-12-05,13 14 18 31 41 42 44,10 11,,archive
3410,2024-12-06,23 24 27 32 34 39 40,2 37,,archive
3411,2024-12-07,7 9 10 13 36 37 38,11 35,,archive
3412,2024-12-08,18 20 27 29 32 34 42,5 19,,archive
3413,2024-12-09,14 18 21 23 26 36 40,29 43,,archive
3414,2024-12-10,10 12 13 19 27 28 32,17 38,,archive
3415,2024-12-11,1 2 8 12 26 32 40,6 39,,archive
3416,2024-12-12,3 8 9 21 39 41 44,1 20,,archive
3417,2024-12-13,1 11 17 24 28 29 41,21 31,,archive
3418,2024-12-14,2 12 15 22 31 34 43,33 40,,archive
3419,2024-12-15,12 14 29 30 33 36 41,10 34,,archive
3420,2024-12-16,2 10 18 29 31 38 41,9 24,,archive
3421,2024-12-17,5 6 16 27 31 37 41,20 25,,archive
3422,2024-12-18,15 16 26 29 30 31 35,6 23,,archive
3423,2024-12-19,4 8 9 12 17 23 40,3 13,,archive
3424,2024-12-20,3 12 20 27 31 32 37,8 30,,archive
3425,2024-12-21,6 11 12 19 34 37 42,8 27,,archive
3426,2024-12-22,14 16 26 33 39 40 43,9 22,,archive
3427,2024-12-23,9 12 15 20 22 27 30,23 39,,archive
3428,2024-12-24,2 4 10 16 26 40 41,7 42,,archive
3429,2024-12-25,11 13 18 19 29 30 42,14 23,,archive
3430,2024-12-26,7 8 15 22 28 29 37,17 35,,archive
3431,2024-12-27,8 9 11 24 28 30 39,26 42,,archive
3432,2024-12-28,8 24 31 34 35 41 44,5 29,,archive
3433,2024-12-29,9 17 26 29 32 33 34,2 38,,archive
3434,2024-12-30,1 6 14 21 22 28 34,31 38,,archive
3435,2024-12-31,1 12 14 24 26 28 35,8 31,,archive
3436,2025-01-01,4 10 24 26 29 37 43,11 36,,archive
3437,2025-01-02,1 14 16 32 34 36 43,2 12,,archive
3438,2025-01-03,3 4 6 28 32 36 41,40 42,,archive
3439,2025-01-04,4 12 13 15 22 31 37,19 20,,archive
3440,2025-01-05,7 12 16 24 31 35 42,11 29,,archive
3441,2025-01-06,13 14 21 26 27 38 39,37 40,,archive
3442,2025-01-07,2 13 16 30 36 37 38,32 43,,archive
3443,2025-01-08,6 9 20 25 34 35 38,24 29,,archive
3444,2025-01-09,2 7 12 27 29 35 41,23 24,,archive
3445,2025-01-10,5 22 25 32 34 36 39,13 43,,archive
3446,2025-01-11,5 9 14 19 26 33 42,7 15,,archive
3447,2025-01-12,8 19 20 22 23 28 39,25 27,,archive
3448,2025-01-13,5 6 7 12 16 18 21,19 43,,archive
3449,2025-01-14,14 16 19 23 29 35 36,28 33,,archive
3450,2025-01-15,4 17 23 25 33 36 37,15 34,,archive
3451,2025-01-16,1 2 4 17 33 35 42,15 28,,archive
3452,2025-01-17,1 10 18 22 23 30 34,8 44,,archive
3453,2025-01-18,8 11 13 14 24 32 34,21 26,,archive
3454,2025-01-19,7 17 18 19 21 28 38,12 43,,archive
3455,2025-01-20,10 17 18 34 38 42 43,15 16,,archive
3456,2025-01-21,7 8 17 18 25 27 31,28 29,,archive
3457,2025-01-22,4 11 20 21 22 27 35,2 18,,archive
3458,2025-01-23,7 9 12 13 17 18 19,8 32,,archive
3459,2025-01-24,10 14 15 16 25 26 41,23 38,,archive
3460,2025-01-25,1 9 10 20 23 35 38,24 44,,archive
3461,2025-01-26,2 15 22 26 34 38 40,21 43,,archive
3462,2025-01-27,3 6 9 12 18 23 32,21 27,,archive
3463,2025-01-28,1 9 13 26 37 38 42,3 30,,archive
3464,2025-01-29,17 19 26 27 30 37 43,3 11,,archive
3465,2025-01-30,4 6 7 11 15 16 24,18 43,,archive
3466,2025-01-31,1 4 5 10 15 27 41,14 44,,archive
3467,2025-02-01,1 6 7 11 12 30 43,14 20,,archive
3468,2025-02-02,3 11 14 19 23 24 37,2 22,,archive
3469,2025-02-03,1 2 4 9 25 32 39,11 29,,archive
3470,2025-02-04,18 20 21 28 30 35 40,8 33,,archive
3471,2025-02-05,1 6 17 20 23 34 44,5 29,,archive
3472,2025-02-06,2 10 12 15 17 23 37,26 39,,archive
3473,2025-02-07,3 9 11 25 30 39 40,26 33,,archive
3474,2025-02-08,5 10 13 25 27 29 32,35 42,,archive
3475,2025-02-09,5 6 7 14 24 31 33,15 20,,archive
3476,2025-02-10,2 15 21 26 37 39 41,17 28,,archive
3477,2025-02-11,2 4 17 25 26 30 40,22 32,,archive
3478,2025-02-12,7 10 13 17 22 39 41,19 27,,archive
3479,2025-02-13,6 9 11 14 19 21 41,8 32,,archive
3480,2025-02-14,5 22 26 28 33 36 37,9 16,,archive
3481,2025-02-15,1 18 20 28 32 35 39,8 29,,archive
3482,2025-02-16,3 5 22 27 28 32 34,10 37,,archive
3483,2025-02-17,3 16 19 20 27 29 37,4 13,,archive
3484,2025-02-18,20 21 25 27 37 38 43,9 22,,archive
3485,2025-02-19,12 14 21 24 36 39 44,15 20,,archive
3486,2025-02-20,2 15 17 24 27 33 44,28 37,,archive
3487,2025-02-21,2 10 12 14 28 31 42,23 36,,archive
3488,2025-02-22,3 4 5 17 21 23 40,2 8,,archive
3489,2025-02-23,8 27 29 32 38 40 42,4 6,,archive
3490,2025-02-24,1 10 15 25 32 36 37,2 27,,archive
3491,2025-02-25,13 16 18 20 30 32 34,35 44,,archive
3492,2025-02-26,20 22 28 39 40 41 44,4 17,,archive
3493,2025-02-27,1 18 32 36 37 39 41,23 30,,archive
3494,2025-02-28,11 12 25 27 28 41 44,6 38,,archive
3495,2025-03-01,25 32 34 36 42 43 44,23 41,,archive
3496,2025-03-02,10 11 19 29 33 34 40,20 36,,archive
3497,2025-03-03,4 12 14 17 23 29 32,21 39,,archive
3498,2025-03-04,2 8 21 26 35 36 40,22 32,,archive
3499,2025-03-05,6 8 20 23 26 40 43,4 25,,archive
3500,2025-03-06,4 15 16 28 34 35 38,10 44,,archive
3501,2025-03-07,14 20 28 29 35 39 40,9 27,,archive
3502,2025-03-08,1 4 10 32 36 37 40,20 25,,archive
3503,2025-03-09,12 15 24 31 40 41 44,32 33,,archive
3504,2025-03-10,9 10 22 26 35 37 44,3 23,,archive
3505,2025-03-11,5 9 15 32 34 41 42,7 19,,archive
3506,2025-03-12,2 17 20 23 30 35 36,21 42,,archive
3507,2025-03-13,3 14 29 38 42 43 44,26 33,,archive
3508,2025-03-14,3 10 11 12 20 23 38,6 17,,archive
3509,2025-03-15,4 10 12 18 29 35 38,13 27,,archive
3510,2025-03-16,3 6 9 17 28 30 35,15 38,,archive
3511,2025-03-17,5 9 12 29 31 38 39,1 3,,archive
3512,2025-03-18,1 3 4 15 16 27 37,11 31,,archive
3513,2025-03-19,3 13 19 27 28 29 32,14 23,,archive
3514,2025-03-20,5 11 18 19 23 41 44,16 34,,archive
3515,2025-03-21,1 4 12 13 17 22 32,14 21,,archive
3516,2025-03-22,5 7 20 22 28 34 40,4 38,,archive
3517,2025-03-23,10 17 23 34 35 39 44,21 30,,archive
3518,2025-03-24,15 16 20 25 35 41 42,28 44,,archive
3519,2025-03-25,4 14 25 27 37 38 42,33 41,,archive
3520,2025-03-26,5 9 15 23 25 31 36,18 27,,archive
3521,2025-03-27,5 6 7 15 17 20 26,11 29,,archive
3522,2025-03-28,5 9 24 30 40 42 44,17 32,,archive
3523,2025-03-29,1 15 20 25 37 40 42,30 31,,archive
3524,2025-03-30,3 14 19 29 30 34 39,22 28,,archive
3525,2025-03-31,13 21 22 24 30 31 38,18 35,,archive
3526,2025-04-01,4 5 13 20 32 39 42,14 22,,archive
3527,2025-04-02,4 11 17 19 22 37 39,9 15,,archive
3528,2025-04-03,7 12 13 32 38 42 44,1 9,,archive
3529,2025-04-04,1 5 16 18 19 23 39,6 26,,archive
3530,2025-04-05,3 4 5 6 22 27 44,23 29,,archive
3531,2025-04-06,7 9 18 21 22 25 43,32 33,,archive
3532,2025-04-07,1 16 21 30 38 41 43,20 36,,archive
3533,2025-04-08,6 7 16 24 30 38 43,13 22,,archive
3534,2025-04-09,13 18 21 26 37 38 44,2 7,,archive
3535,2025-04-10,6 10 11 12 18 24 35,15 17,,archive
3536,2025-04-11,3 4 11 22 27 41 44,20 32,,archive
3537,2025-04-12,2 15 21 26 31 37 38,8 33,,archive
3538,2025-04-13,3 5 8 12 26 29 32,9 35,,archive
3539,2025-04-14,21 22 27 29 31 38 40,9 11,,archive
3540,2025-04-15,11 12 15 24 26 31 43,6 13,,archive
3541,2025-04-16,2 9 17 18 22 29 36,11 43,,archive
3542,2025-04-17,5 7 8 17 23 34 41,11 36,,archive
3543,2025-04-18,8 13 20 24 27 39 40,21 31,,archive
3544,2025-04-19,7 9 16 20 28 41 44,8 22,,archive
3545,2025-04-20,1 21 24 27 29 30 41,13 20,,archive
3546,2025-04-21,11 13 14 28 31 38 40,15 29,,archive
3547,2025-04-22,15 17 26 35 36 40 44,4 16,,archive
3548,2025-04-23,3 4 7 11 21 30 31,6 22,,archive
3549,2025-04-24,5 13 15 16 25 28 35,3 34,,archive
3550,2025-04-25,2 8 19 21 27 31 44,5 7,,archive
3551,2025-04-26,2 9 15 20 31 34 38,13 29,,archive
3552,2025-04-27,6 8 11 14 32 33 38,16 41,,archive
3553,2025-04-28,4 13 21 25 30 31 41,17 18,,archive
3554,2025-04-29,7 11 12 19 30 33 35,15 21,,archive
3555,2025-04-30,18 26 27 29 32 35 41,6 10,,archive
3556,2025-05-01,7 13 17 23 35 41 43,16 32,,archive
3557,2025-05-02,5 26 32 35 38 42 44,13 37,,archive
3558,2025-05-03,4 6 15 21 23 24 43,11 17,,archive
3559,2025-05-04,6 9 12 20 34 36 37,23 27,,archive
3560,2025-05-05,2 3 10 24 25 35 38,11 27,,archive
3561,2025-05-06,2 6 7 10 12 13 26,1 35,,archive
3562,2025-05-07,4 8 12 17 20 24 34,39 43,,archive
3563,2025-05-08,11 15 18 26 31 35 40,19 33,,archive
3564,2025-05-09,2 18 20 26 32 34 44,6 16,,archive
3565,2025-05-10,1 7 18 28 34 35 44,2 25,,archive
3566,2025-05-11,5 8 17 20 28 33 41,13 37,,archive
3567,2025-05-12,2 8 12 14 30 35 40,36 44,,archive
3568,2025-05-13,2 9 13 25 33 35 38,7 27,,archive
3569,2025-05-14,1 5 19 20 27 31 33,25 42,,archive
3570,2025-05-15,13 19 25 26 27 32 41,37 38,,archive
3571,2025-05-16,3 5 31 33 37 41 42,1 13,,archive
3572,2025-05-17,11 13 22 24 27 39 41,19 34,,archive
3573,2025-05-18,5 15 16 19 32 34 36,12 35,,archive
3574,2025-05-19,8 12 19 23 27 32 41,4 35,,archive
3575,2025-05-20,10 15 22 28 32 33 42,9 24,,archive
3576,2025-05-21,2 3 7 20 28 33 40,12 32,,archive
3577,2025-05-22,3 9 28 36 37 42 44,10 34,,archive
3578,2025-05-23,16 19 20 30 37 42 43,22 38,,archive
3579,2025-05-24,8 9 21 34 36 41 42,1 19,,archive
3580,2025-05-25,1 5 8 11 17 19 21,14 35,,archive
3581,2025-05-26,2 12 15 16 22 36 41,14 31,,archive
3582,2025-05-27,13 17 33 36 38 40 42,11 25,,archive
3583,2025-05-28,5 12 15 24 29 38 42,8 21,,archive
3584,2025-05-29,2 4 13 26 35 38 42,5 31,,archive
3585,2025-05-30,5 12 22 27 36 38 44,17 26,,archive
3586,2025-05-31,13 16 17 29 33 42 43,20 37,,archive
3587,2025-06-01,8 21 24 29 35 40 42,17 34,,archive
3588,2025-06-02,2 15 18 30 31 32 35,11 23,,archive
3589,2025-06-03,2 5 10 11 19 26 39,6 7,,archive
3590,2025-06-04,14 15 18 26 28 37 40,24 31,,archive
3591,2025-06-05,4 18 21 23 24 27 34,19 44,,archive
3592,2025-06-06,4 16 18 22 23 38 42,26 44,,archive
3593,2025-06-07,2 8 17 23 25 34 43,13 29,,archive
3594,2025-06-08,3 11 15 18 28 32 43,19 34,,archive
3595,2025-06-09,20 21 32 34 38 39 44,5 24,,archive
3596,2025-06-10,15 17 24 25 30 38 41,4 20,,archive
3597,2025-06-11,10 11 16 18 19 31 40,5 7,,archive
3598,2025-06-12,1 10 14 16 18 25 38,40 44,,archive
3599,2025-06-13,4 9 10 15 20 38 39,2 37,,archive
3600,2025-06-14,15 18 24 30 32 35 39,3 41,,archive
3601,2025-06-15,7 14 15 18 25 28 41,10 31,,archive
3602,2025-06-16,1 3 18 21 23 26 30,32 40,,archive
3603,2025-06-17,15 22 25 26 28 37 42,21 24,,archive
3604,2025-06-18,6 15 17 20 25 30 39,42 44,,archive
3605,2025-06-19,5 7 9 14 20 23 37,27 36,,archive
3606,2025-06-20,7 15 19 20 29 41 42,1 24,,archive
3607,2025-06-21,1 4 10 13 16 26 39,25 29,,archive
3608,2025-06-22,2 12 17 19 24 28 30,13 41,,archive
3609,2025-06-23,8 9 25 33 34 38 39,21 40,,archive
3610,2025-06-24,4 8 14 19 20 23 37,16 36,,archive
3611,2025-06-25,5 12 18 28 34 38 43,13 31,,archive
3612,2025-06-26,4 13 18 32 36 39 40,21 22,,archive
3613,2025-06-27,5 6 10 24 37 38 42,14 43,,archive
3614,2025-06-28,18 21 24 25 26 28 36,17 33,,archive
3615,2025-06-29,2 16 27 33 34 37 40,11 43,,archive
3616,2025-06-30,12 17 32 35 37 42 44,18 28,,archive
3617,2025-07-01,5 6 9 22 28 40 42,17 18,,archive
3618,2025-07-02,1 22 23 31 32 36 39,4 33,,archive
3619,2025-07-03,3 10 18 26 27 29 40,14 31,,archive
3620,2025-07-04,5 9 12 20 36 37 40,16 31,,archive
3621,2025-07-05,15 19 21 26 30 31 33,12 34,,archive
3622,2025-07-06,8 13 14 16 24 25 37,6 19,,archive
3623,2025-07-07,2 15 32 38 40 41 44,35 37,,archive
3624,2025-07-08,3 10 20 26 28 34 42,17 22,,archive
3625,2025-07-09,2 6 10 16 19 25 26,1 27,,archive
3626,2025-07-10,1 2 7 8 9 14 18,11 31,,archive
3627,2025-07-11,1 3 5 6 24 31 34,10 18,,archive
3628,2025-07-12,2 5 9 11 20 31 43,32 38,,archive
3629,2025-07-13,4 10 18 22 32 36 43,9 27,,archive
3630,2025-07-14,2 5 22 29 35 38 44,4 10,,archive
3631,2025-07-15,2 4 13 15 26 33 35,14 18,,archive
3632,2025-07-16,1 10 16 18 20 26 36,11 28,,archive
3633,2025-07-17,8 11 14 26 29 31 33,5 18,,archive
3634,2025-07-18,10 15 20 23 27 33 43,17 25,,archive
3635,2025-07-19,1 2 6 8 11 15 26,9 20,,archive
3636,2025-07-20,1 2 4 9 15 37 41,14 17,,archive
3637,2025-07-21,11 12 14 16 23 29 38,15 19,,archive
3638,2025-07-22,13 23 26 29 30 37 39,11 18,,archive
3639,2025-07-23,2 10 19 22 23 31 34,25 41,,archive
3640,2025-07-24,1 2 3 10 18 23 44,4 20,,archive
3641,2025-07-25,1 8 19 29 33 37 43,12 31,,archive
3642,2025-07-26,7 11 16 17 20 28 34,13 40,,archive
3643,2025-07-27,2 7 11 16 30 40 42,34 35,,archive
3644,2025-07-28,8 14 15 20 21 36 39,18 28,,archive
3645,2025-07-29,9 21 22 23 39 40 41,13 43,,archive
3646,2025-07-30,10 13 16 18 23 36 39,1 17,,archive
3647,2025-07-31,2 4 18 24 27 34 42,11 31,,archive
3648,2025-08-01,2 11 14 23 25 41 43,13 44,,archive
3649,2025-08-02,5 8 19 23 25 39 40,9 43,,archive
3650,2025-08-03,4 5 7 12 32 34 43,18 22,,archive
3651,2025-08-04,12 16 17 18 19 34 41,5 43,,archive
3652,2025-08-05,13 22 26 27 28 32 36,8 38,,archive
3653,2025-08-06,10 16 34 36 37 39 44,41 43,,archive
3654,2025-08-07,3 4 12 18 32 39 40,21 44,,archive
3655,2025-08-08,3 6 27 30 35 43 44,15 38,,archive
3656,2025-08-09,2 4 6 10 13 32 44,3 7,,archive
3657,2025-08-10,2 12 13 31 34 39 41,1 21,,archive
3658,2025-08-11,6 15 23 24 27 35 44,5 30,,archive
3659,2025-08-12,5 8 9 21 22 23 24,11 36,,archive
3660,2025-08-13,2 3 16 18 20 22 25,15 23,,archive
3661,2025-08-14,7 20 24 28 38 40 43,30 32,,archive
3662,2025-08-15,8 11 19 30 34 35 44,37 40,,archive
3663,2025-08-16,7 12 14 20 26 36 43,32 44,,archive
3664,2025-08-17,3 4 21 24 28 33 38,18 29,,archive
3665,2025-08-18,2 4 10 13 25 30 35,8 23,,archive
3666,2025-08-19,5 11 23 33 35 36 39,28 41,,archive
3667,2025-08-20,9 11 24 27 29 34 40,7 18,,archive
3668,2025-08-21,2 6 11 14 18 36 41,5 26,,archive
3669,2025-08-22,4 6 19 30 32 37 44,13 28,,archive
3670,2025-08-23,7 8 11 16 22 25 27,12 40,,archive
3671,2025-08-24,3 10 15 29 31 41 44,33 34,,archive
3672,2025-08-25,5 11 20 21 31 41 44,23 26,,archive
3673,2025-08-26,5 12 30 32 34 35 38,3 36,,archive
3674,2025-08-27,4 5 14 22 23 27 28,12 15,,archive
3675,2025-08-28,3 7 10 12 35 37 39,1 22,,archive
3676,2025-08-29,13 19 25 34 36 37 40,4 29,,archive
3677,2025-08-30,1 2 3 6 15 30 38,26 33,,archive
3678,2025-08-31,14 15 25 26 30 39 41,9 37,,archive
3679,2025-09-01,1 6 18 28 31 33 34,37 43,,archive
3680,2025-09-02,3 9 10 11 24 26 39,15 36,,archive
3681,2025-09-03,4 10 14 27 29 31 42,32 41,,archive
3682,2025-09-04,2 5 9 12 20 30 33,23 41,,archive
3683,2025-09-05,2 13 14 15 29 40 44,21 33,,archive
3684,2025-09-06,17 23 30 31 36 39 43,9 27,,archive
3685,2025-09-07,1 11 12 21 23 25 32,2 27,,archive
3686,2025-09-08,8 13 16 21 29 36 41,1 9,,archive
3687,2025-09-09,22 35 36 38 41 42 43,20 30,,archive
3688,2025-09-10,8 9 10 14 24 25 40,15 29,,archive
3689,2025-09-11,5 19 21 24 26 28 33,7 30,,archive
3690,2025-09-12,4 12 13 14 30 38 39,22 24,,archive
3691,2025-09-13,6 7 19 23 28 33 39,4 32,,archive
3692,2025-09-14,5 11 15 21 33 34 43,10 44,,archive
3693,2025-09-15,1 6 15 19 23 40 41,22 28,,archive
3694,2025-09-16,3 19 21 25 30 31 42,2 41,,archive
3695,2025-09-17,10 13 16 17 25 29 35,4 19,,archive
3696,2025-09-18,3 8 13 19 22 27 39,16 43,,archive
3697,2025-09-19,5 10 12 20 28 32 35,22 40,,archive
3698,2025-09-20,2 4 14 29 37 39 42,18 40,,archive
3699,2025-09-21,18 19 23 25 30 35 36,5 43,,archive
3700,2025-09-22,2 3 7 25 32 35 36,10 44,,archive
3701,2025-09-23,2 5 7 13 23 25 30,6 37,,archive
3702,2025-09-24,4 6 16 22 27 30 42,31 37,,archive
3703,2025-09-25,3 4 7 9 26 32 38,30 35,,archive
3704,2025-09-26,13 27 34 35 36 37 40,25 31,,archive
3705,2025-09-27,2 21 23 31 37 39 43,14 27,,archive
3706,2025-09-28,9 12 21 25 30 32 39,40 41,,archive
3707,2025-09-29,5 11 20 21 26 39 40,1 42,,archive
3708,2025-09-30,2 11 22 36 37 39 44,10 17,,archive
3709,2025-10-01,6 9 13 15 23 31 43,14 38,,archive
3710,2025-10-02,1 4 12 15 24 34 43,27 32,,archive
3711,2025-10-03,3 16 18 24 37 42 44,2 20,,archive
3712,2025-10-04,2 5 27 29 36 37 44,9 16,,archive
3713,2025-10-05,2 18 26 35 39 40 42,8 38,,archive
3714,2025-10-06,3 6 13 20 27 31 42,8 41,,archive
3715,2025-10-07,16 17 18 24 25 30 40,31 35,,archive
3716,2025-10-08,8 9 14 15 37 40 43,4 44,,archive
3717,2025-10-09,3 4 5 13 31 35 36,32 37,,archive
3718,2025-10-10,6 11 15 19 30 37 43,9 10,,archive
3719,2025-10-11,3 26 28 31 33 35 43,22 38,,archive
3720,2025-10-12,2 3 6 7 22 24 40,19 31,,archive
3721,2025-10-13,10 11 13 19 29 36 43,14 21,,archive
3722,2025-10-14,1 2 29 32 33 42 44,19 41,,archive
3723,2025-10-15,10 12 23 30 31 32 40,27 29,,archive
3724,2025-10-16,6 20 22 28 33 41 44,9 17,,archive
3725,2025-10-17,2 16 19 21 22 23 40,5 8,,archive
3726,2025-10-18,3 4 7 9 21 25 28,8 18,,archive
3727,2025-10-19,4 25 27 29 31 38 43,15 40,,archive
3728,2025-10-20,3 7 11 22 36 39 40,28 34,,archive
3729,2025-10-21,6 7 16 25 34 36 41,37 43,,archive
3730,2025-10-22,2 20 26 27 36 41 42,31 39,,archive
3731,2025-10-23,4 7 8 24 34 38 42,2 26,,archive
3732,2025-10-24,3 18 22 24 40 43 44,14 32,,archive
3733,2025-10-25,1 3 11 23 27 33 40,16 19,,archive
3734,2025-10-26,4 11 15 18 20 32 39,24 43,,archive
3735,2025-10-27,3 6 12 25 31 42 44,15 29,,archive
3736,2025-10-28,3 16 38 39 40 42 43,4 41,,archive
3737,2025-10-29,6 9 13 25 28 41 44,21 29,,archive
3738,2025-10-30,14 18 19 27 39 40 41,3 38,,archive
3739,2025-10-31,1 8 15 26 31 41 43,12 18,,archive
3740,2025-11-01,4 7 8 15 24 31 42,18 19,,archive
3741,2025-11-02,6 11 13 19 24 26 28,12 22,,archive
3742,2025-11-03,8 13 15 23 24 25 26,2 4,,archive
3743,2025-11-04,9 10 23 25 27 37 38,13 17,,archive
3744,2025-11-05,3 13 16 18 22 25 34,33 43,,archive
3745,2025-11-06,10 12 18 20 35 41 42,32 33,,archive
3746,2025-11-07,6 14 18 28 30 33 41,29 38,,archive
3747,2025-11-08,2 5 7 31 37 38 43,10 42,,archive
3748,2025-11-09,4 6 11 26 31 40 44,21 33,,archive
3749,2025-11-10,3 5 9 13 23 36 39,6 35,,archive
3750,2025-11-11,4 7 10 26 30 32 44,5 18,,archive
3751,2025-11-12,5 6 10 15 20 21 29,17 32,,archive
3752,2025-11-13,3 5 21 24 25 33 36,11 22,,archive
3753,2025-11-14,6 7 13 18 23 25 35,3 39,,archive
3754,2025-11-15,2 4 5 13 14 27 42,33 39,,archive
3755,2025-11-16,7 8 14 19 21 27 40,20 44,,archive
3756,2025-11-17,1 15 23 28 37 40 43,18 34,,archive
3757,2025-11-18,20 29 32 33 35 39 44,5 41,,archive
3758,2025-11-19,4 5 21 30 33 39 44,9 18,,archive
3759,2025-11-20,10 11 23 28 34 35 41,26 30,,archive
3760,2025-11-21,10 17 27 32 33 38 42,19 39,,archive
3761,2025-11-22,5 17 23 24 26 30 31,6 27,,archive
3762,2025-11-23,9 18 25 26 27 33 42,19 22,,archive
3763,2025-11-24,1 14 17 22 29 40 41,31 35,,archive
3764,2025-11-25,1 15 16 23 26 27 31,8 41,,archive
3765,2025-11-26,5 14 20 21 29 34 37,18 19,,archive
3766,2025-11-27,6 7 12 29 36 37 41,8 43,,archive
3767,2025-11-28,5 8 15 20 27 39 43,19 29,,archive
3768,2025-11-29,4 6 8 14 16 31 42,13 19,,archive
3769,2025-11-30,7 11 18 22 27 32 44,9 38,,archive
3770,2025-12-01,1 3 10 11 18 24 41,2 25,,archive
3771,2025-12-02,13 15 19 25 26 37 39,3 5,,archive
3772,2025-12-03,10 22 25 29 30 31 44,8 14,,archive
3773,2025-12-04,2 6 8 17 25 28 35,3 31,,archive
3774,2025-12-05,1 5 15 17 21 25 31,22 24,,archive
3775,2025-12-06,5 15 24 31 39 40 42,1 19,,archive
3776,2025-12-07,4 15 21 23 30 34 35,18 22,,archive
3777,2025-12-08,4 11 16 37 39 42 43,21 32,,archive
3778,2025-12-09,12 13 16 20 26 38 39,22 40,,archive
3779,2025-12-10,1 3 10 28 36 37 40,12 19,,archive
3780,2025-12-11,3 8 12 16 27 29 30,31 41,,archive
3781,2025-12-12,2 10 13 22 23 29 36,15 27,,archive
3782,2025-12-13,4 20 27 30 31 33 41,7 12,,archive
3783,2025-12-14,4 7 17 24 28 30 40,41 44,,archive
3784,2025-12-15,16 17 21 22 25 31 43,3 30,,archive
3785,2025-12-16,1 2 8 27 29 34 38,5 31,,archive
3786,2025-12-17,1 7 13 23 26 27 34,9 12,,archive
3787,2025-12-18,13 14 27 30 36 37 42,15 35,,archive
3788,2025-12-19,2 20 21 29 32 36 37,17 19,,archive
3789,2025-12-20,6 14 20 23 28 29 39,12 41,,archive
3790,2025-12-21,5 6 18 20 23 34 39,37 40,,archive
3791,2025-12-22,1 4 7 8 11 38 44,15 31,,archive
3792,2025-12-23,5 13 19 29 30 35 44,6 28,,archive
3793,2025-12-24,1 3 9 20 22 24 26,23 37,,archive
3794,2025-12-25,4 16 18 21 23 26 30,17 29,,archive
3795,2025-12-26,3 6 9 11 13 15 41,30 36,,archive
3796,2025-12-27,3 8 10 27 36 41 44,2 28,,archive
3797,2025-12-28,6 13 15 16 20 25 30,5 28,,archive
3798,2025-12-29,6 7 9 12 13 23 38,27 33,,archive
3799,2025-12-30,7 13 25 33 34 38 42,22 24,,archive
3800,2025-12-31,10 29 39 40 41 42 44,11 37,,archive
3801,2026-01-01,1 12 32 33 42 43 44,20 22,,archive
3802,2026-01-02,6 11 15 18 22 27 31,4 23,,archive
3803,2026-01-03,1 3 4 9 22 29 38,6 11,,archive
3804,2026-01-04,1 3 11 25 31 39 42,40 44,,archive
3805,2026-01-05,9 29 34 36 40 41 44,7 16,,archive
3806,2026-01-06,22 24 31 34 35 36 37,28 42,,archive
3807,2026-01-07,9 11 16 17 18 21 32,4 13,,archive
3808,2026-01-08,1 10 11 16 33 36 44,8 32,,archive
3809,2026-01-09,1 2 17 20 28 32 37,6 38,,archive
3810,2026-01-10,13 17 22 23 27 31 42,20 32,,archive
3811,2026-01-11,20 23 26 27 30 34 41,21 29,,archive
3812,2026-01-12,1 3 8 15 27 41 42,7 34,,archive
3813,2026-01-13,3 5 15 17 30 33 40,11 43,,archive
3814,2026-01-14,4 5 13 22 36 37 41,1 6,,archive
3815,2026-01-15,8 11 17 27 38 40 41,28 39,,archive
3816,2026-01-16,1 3 30 36 37 42 44,17 39,,archive
3817,2026-01-17,11 18 24 30 39 41 42,8 36,,archive
3818,2026-01-18,1 7 16 30 34 36 39,26 38,,archive
3819,2026-01-19,3 19 21 29 33 34 38,5 37,,archive
3820,2026-01-20,22 30 36 37 38 40 44,12 42,,archive
3821,2026-01-21,8 11 16 27 31 39 43,33 41,,archive
3822,2026-01-22,7 12 15 17 18 22 35,5 8,,archive
3823,2026-01-23,6 10 13 17 23 33 41,11 36,,archive
3824,2026-01-24,9 15 16 24 27 32 44,33 38,,archive
3825,2026-01-25,1 9 17 18 23 40 42,2 25,,archive
3826,2026-01-26,3 10 16 29 32 36 43,14 24,,archive
3827,2026-01-27,5 9 16 27 31 35 37,2 40,,archive
3828,2026-01-28,2 4 15 20 28 36 39,27 44,,archive
3829,2026-01-29,12 16 17 25 37 40 41,21 27,,archive
3830,2026-01-30,7 13 18 20 22 27 41,9 30,,archive
3831,2026-01-31,5 12 23 27 36 38 40,8 25,,archive
3832,2026-02-01,2 8 9 13 14 28 43,3 7,,archive
3833,2026-02-02,2 5 6 12 21 22 27,33 37,,archive
3834,2026-02-03,6 15 21 38 39 41 42,12 14,,archive
3835,2026-02-04,10 17 24 29 37 38 43,12 22,,archive
3836,2026-02-05,3 5 10 17 25 37 39,4 13,,archive
3837,2026-02-06,8 10 11 14 24 31 36,20 29,,archive
3838,2026-02-07,9 11 13 18 20 25 44,10 22,,archive
3839,2026-02-08,5 26 29 30 35 40 41,16 39,,archive
3840,2026-02-09,4 9 13 23 29 35 36,21 26,,archive
3841,2026-02-10,2 4 5 12 14 28 36,6 38,,archive
3842,2026-02-11,15 23 27 28 29 35 41,22 24,,archive
3843,2026-02-12,2 3 21 22 25 41 43,13 26,,archive
3844,2026-02-13,9 13 15 21 25 35 40,12 36,,archive
3845,2026-02-14,2 6 10 15 35 41 43,3 36,,archive
3846,2026-02-15,14 19 27 35 36 38 39,6 12,,archive
3847,2026-02-16,6 10 15 24 32 38 44,13 21,,archive
3848,2026-02-17,2 11 28 32 37 38 41,15 40,,archive
3849,2026-02-18,2 9 18 26 29 31 35,10 44,,archive
3850,2026-02-19,2 6 13 17 19 22 37,4 30,,archive
3851,2026-02-20,11 17 25 26 28 33 42,1 30,,archive
3852,2026-02-21,2 4 6 10 24 38 43,27 34,,archive
3853,2026-02-22,11 15 16 19 32 33 44,17 40,,archive
3854,2026-02-23,1 15 17 24 30 32 38,4 18,,archive
3855,2026-02-24,6 7 15 16 27 34 43,4 33,,archive
3856,2026-02-25,2 6 21 27 36 40 41,5 35,,archive
3857,2026-02-26,4 5 11 23 25 37 42,2 43,,archive
3858,2026-02-27,3 9 21 30 31 38 41,10 24,,archive
3859,2026-02-28,2 4 19 20 21 30 32,3 8,,archive
3860,2026-03-01,1 10 23 25 31 34 37,4 9,,archive
3861,2026-03-02,10 15 17 21 26 28 29,9 30,,archive
3862,2026-03-03,3 7 10 17 20 24 26,18 40,,archive
3863,2026-03-04,6 9 10 14 31 37 38,28 29,,archive
3864,2026-03-05,4 8 18 30 32 33 44,22 26,,archive
3865,2026-03-06,6 14 18 20 21 34 44,2 9,,archive
3866,2026-03-07,4 8 16 21 22 23 35,5 39,,archive
3867,2026-03-08,2 15 20 22 37 38 42,18 29,,archive
3868,2026-03-09,7 13 30 31 32 41 43,19 27,,archive
3869,2026-03-10,13 17 18 30 34 39 44,23 26,,archive
3870,2026-03-11,1 5 9 12 16 19 20,7 14,,archive
3871,2026-03-12,3 15 22 29 38 40 43,4 31,,archive
3872,2026-03-13,14 25 29 37 39 40 43,17 44,,archive
3873,2026-03-14,3 19 20 34 39 40 43,14 38,,archive
3874,2026-03-15,4 8 13 20 21 22 30,14 15,,archive
3875,2026-03-16,6 16 21 25 34 35 43,23 26,,archive
3876,2026-03-17,10 14 15 25 27 31 37,3 35,,archive
3877,2026-03-18,2 17 24 30 31 33 44,5 9,,archive
3878,2026-03-19,5 6 10 22 24 36 39,18 28,,archive
3879,2026-03-20,4 9 18 19 26 31 35,5 17,,archive
3880,2026-03-21,3 5 7 21 30 39 41,17 32,,archive
3881,2026-03-22,1 11 19 22 28 39 42,3 25,,archive
3882,2026-03-23,15 17 22 29 33 34 44,16 43,,archive
3883,2026-03-24,5 7 17 28 33 36 43,11 24,,archive
3884,2026-03-25,7 15 27 28 30 41 44,35 43,,archive
3885,2026-03-26,9 11 15 27 29 35 40,31 38,,archive
3886,2026-03-27,4 6 7 12 15 39 42,2 20,,archive
3887,2026-03-28,1 2 6 16 31 35 39,18 44,,archive
3888,2026-03-29,5 12 13 15 17 40 44,11 31,,archive
3889,2026-03-30,1 3 21 28 32 35 44,17 29,,archive
3890,2026-03-31,18 25 37 40 41 43 44,2 42,,archive
3891,2026-04-01,3 15 18 21 22 31 42,14 41,,archive
3892,2026-04-02,2 5 14 17 30 40 41,19 26,,archive
3893,2026-04-03,2 9 11 18 19 23 24,4 6,,archive
3894,2026-04-04,7 16 18 21 23 25 30,12 13,,archive
3895,2026-04-05,14 18 20 28 31 35 44,36 40,,archive
3896,2026-04-06,2 12 13 16 24 25 26,29 37,,archive
3897,2026-04-07,18 19 22 23 35 36 40,9 21,,archive
3898,2026-04-08,6 15 17 21 24 32 34,11 13,,archive
3899,2026-04-09,10 12 14 17 27 29 33,16 32,,archive
3900,2026-04-10,6 12 13 22 32 34 38,25 33,,archive
3901,2026-04-11,2 11 14 15 20 29 40,18 33,,archive
3902,2026-04-12,15 20 21 22 32 38 44,4 23,,archive
3903,2026-04-13,3 5 7 28 31 41 44,6 24,,archive
3904,2026-04-14,2 5 12 14 19 33 35,26 40,,archive
3905,2026-04-15,3 6 10 12 16 28 43,8 33,,archive
3906,2026-04-16,6 21 30 32 35 38 43,23 44,,archive
3907,2026-04-17,2 12 16 18 22 23 26,5 9,,archive
3908,2026-04-18,8 10 15 19 27 30 33,9 17,,archive
3909,2026-04-19,2 3 9 27 32 38 42,15 30,,archive
3910,2026-04-20,2 5 15 20 37 39 41,4 33,,archive
3911,2026-04-21,1 4 9 19 27 39 40,38 42,,archive
3912,2026-04-22,6 7 14 29 30 32 38,20 25,,archive
3913,2026-04-23,1 9 18 25 26 31 32,14 41,,archive
3914,2026-04-24,15 21 22 26 33 36 40,9 41,,archive
3915,2026-04-25,5 10 11 16 21 23 32,12 17,,archive
3916,2026-04-26,1 4 7 11 16 36 37,18 22,,archive
3917,2026-04-27,3 6 12 35 40 42 44,32 37,,archive
3918,2026-04-28,14 19 24 35 36 39 42,4 30,,archive
3919,2026-04-29,1 8 16 26 38 41 43,12 37,,archive
3920,2026-04-30,4 17 26 31 33 43 44,18 34,,archive
3921,2026-05-01,1 3 10 13 21 25 42,23 24,,archive
3922,2026-05-02,7 15 20 21 27 39 43,28 44,,archive
3923,2026-05-03,1 9 13 16 39 40 41,7 32,,archive
3924,2026-05-04,11 14 19 20 37 40 44,8 21,,archive
3925,2026-05-05,2 13 25 26 30 36 37,4 38,,archive
3926,2026-05-06,5 8 24 30 35 39 41,13 43,,archive
3927,2026-05-07,8 10 12 13 20 24 40,28 38,,archive
3928,2026-05-08,8 15 16 27 29 40 41,26 32,,archive
3929,2026-05-09,1 13 14 33 34 41 42,5 29,,archive
3930,2026-05-10,3 9 10 27 32 34 36,25 37,,archive
3931,2026-05-11,7 8 9 13 19 28 36,16 42,,archive
3932,2026-05-12,1 11 13 32 33 39 40,20 27,,archive
3933,2026-05-13,1 17 20 35 36 37 44,11 30,,archive
3934,2026-05-14,2 5 9 11 35 41 44,13 42,,archive
3935,2026-05-15,2 8 13 16 20 27 33,3 17,,archive
3936,2026-05-16,7 20 27 34 41 42 43,19 28,,archive
3937,2026-05-17,8 11 24 34 42 43 44,14 26,,archive
3938,2026-05-18,6 14 16 22 23 28 29,11 15,,archive
3939,2026-05-19,1 11 13 14 15 21 31,33 40,,archive
3940,2026-05-20,8 16 18 20 26 28 32,3 9,,archive
3941,2026-05-21,1 2 15 20 23 36 40,34 39,,archive
3942,2026-05-22,2 13 18 24 31 36 39,34 44,,archive
3943,2026-05-23,20 23 26 29 30 31 34,25 39,,archive
3944,2026-05-24,3 7 12 25 32 37 43,4 24,,archive
3945,2026-05-25,18 20 21 24 28 30 36,12 38,,archive
3946,2026-05-26,3 4 11 14 32 34 39,26 43,,archive
3947,2026-05-27,5 16 29 35 38 39 43,13 34,,archive
3948,2026-05-28,4 17 27 29 33 37 40,9 12,,archive
3949,2026-05-29,3 7 23 24 31 35 39,16 43,,archive
3950,2026-05-30,3 6 7 13 28 38 40,14 15,,archive
3951,2026-05-31,1 22 23 26 29 35 39,11 12,,archive
3952,2026-06-01,1 2 4 32 33 36 41,15 23,,archive
3953,2026-06-02,8 9 19 21 24 39 44,13 41,,archive
3954,2026-06-03,1 9 10 11 24 26 42,27 31,,archive
3955,2026-06-04,4 14 19 24 30 33 44,26 39,,archive
3956,2026-06-05,1 8 11 18 27 30 41,2 12,,archive
3957,2026-06-06,15 16 18 21 29 35 37,10 40,,archive
3958,2026-06-07,13 14 15 25 31 33 40,1 18,,archive
3959,2026-06-08,12 21 38 39 41 43 44,14 19,,archive
3960,2026-06-09,12 13 14 15 18 25 43,22 28,,archive
3961,2026-06-10,6 8 13 21 30 31 43,2 15,,archive
3962,2026-06-11,16 23 28 29 36 38 40,22 26,,archive
3963,2026-06-12,17 21 22 32 34 35 39,28 43,,archive
3964,2026-06-13,8 27 28 36 38 40 41,1 18,,archive
3965,2026-06-14,1 2 9 11 15 19 35,16 21,,archive
3966,2026-06-15,4 14 24 25 31 33 44,3 23,,archive
3967,2026-06-16,7 8 13 16 25 32 42,15 33,,archive
3968,2026-06-17,5 12 15 23 24 29 44,22 28,,archive
3969,2026-06-18,10 19 22 30 31 40 44,1 8,,archive
3970,2026-06-19,8 13 18 24 26 31 35,29 41,,archive
3971,2026-06-20,1 3 5 11 12 16 24,19 20,,archive
3972,2026-06-21,8 10 15 21 24 33 37,9 34,,archive
3973,2026-06-22,21 29 30 33 34 39 44,25 26,,archive
3974,2026-06-23,5 10 22 31 35 36 44,12 38,,archive
3975,2026-06-24,6 8 10 28 32 36 37,26 44,,archive
3976,2026-06-25,9 26 27 28 29 33 40,6 8,,archive
3977,2026-06-26,14 18 24 28 35 40 42,9 44,,archive
3978,2026-06-27,3 14 15 17 18 22 28,13 34,,archive
3979,2026-06-28,7 13 17 24 26 36 44,4 37,,archive
3980,2026-06-29,1 10 13 16 25 37 42,36 39,,archive
3981,2026-06-30,1 5 18 19 22 26 38,10 31,,archive
3982,2026-07-01,2 14 18 25 27 30 39,19 24,,archive
3983,2026-07-02,2 5 8 15 23 39 44,1 9,,archive
3984,2026-07-03,15 25 29 35 36 39 41,2 14,,archive
3985,2026-07-04,14 16 21 35 40 42 43,10 11,,archive
3986,2026-07-05,14 26 28 34 35 38 40,19 33,,archive
3987,2026-07-06,2 7 17 20 27 30 33,24 38,,archive
3988,2026-07-07,2 10 20 33 34 35 36,11 30,,archive
3989,2026-07-08,5 8 9 12 13 27 41,3 4,,archive
3990,2026-07-09,3 12 13 26 27 33 39,7 29,,archive
3991,2026-07-10,4 9 13 22 23 26 28,5 12,,archive
3992,2026-07-11,3 6 9 21 25 30 34,13 28,,archive
3993,2026-07-12,3 5 7 32 35 37 38,23 26,,archive
3994,2026-07-13,3 6 12 14 20 33 35,27 39,,archive
3995,2026-07-14,3 5 17 20 27 34 43,1 25,,archive
3996,2026-07-15,3 4 7 15 27 38 39,18 20,,archive
3997,2026-07-16,4 6 17 22 23 30 34,28 39,,archive
3998,2026-07-17,15 16 22 30 38 42 43,19 23,,archive
3999,2026-07-18,9 11 13 25 33 37 44,7 15,,archive
4000,2026-07-19,1 7 20 30 31 32 41,6 39,,archive
4001,2026-07-20,2 3 6 7 17 21 39,4 31,,archive
4002,2026-07-21,1 10 18 20 22 37 38,3 27,,archive
4003,2026-07-22,1 5 7 10 14 25 27,21 31,,archive
4004,2026-07-23,6 8 11 21 34 36 44,24 27,,archive
4005,2026-07-24,3 16 28 32 33 39 41,21 24,,archive
4006,2026-07-25,2 8 10 16 17 35 36,25 31,,archive
4007,2026-07-26,6 25 35 36 41 43 44,7 23,,archive
4008,2026-07-27,4 12 15 19 23 25 41,28 40,,archive
4009,2026-07-28,3 8 20 24 26 38 43,1 10,,archive
4010,2026-07-29,11 25 27 33 34 40 43,30 41,,archive
4011,2026-07-30,7 12 14 27 29 41 44,20 39,,archive
4012,2026-07-31,5 7 12 24 30 38 41,23 28,,archive
4013,2026-08-01,11 14 20 24 32 38 42,15 29,,archive
4014,2026-08-02,6 11 27 28 32 37 38,29 41,,archive
4015,2026-08-03,3 13 14 20 25 28 37,16 42,,archive
4016,2026-08-04,1 3 13 19 21 32 44,24 29,,archive
4017,2026-08-05,3 5 13 22 24 32 35,34 39,,archive
4018,2026-08-06,2 5 6 9 10 20 36,11 43,,archive
4019,2026-08-07,1 4 9 11 26 37 43,6 44,,archive
4020,2026-08-08,1 2 3 6 8 27 31,12 33,,archive
4021,2026-08-09,7 14 20 22 28 30 38,1 16,,archive
4022,2026-08-10,3 5 7 12 21 33 34,2 10,,archive
4023,2026-08-11,1 12 14 22 30 31 35,15 27,,archive
4024,2026-08-12,3 7 9 11 12 24 35,22 26,,archive
4025,2026-08-13,7 12 23 27 30 37 40,36 44,,archive
4026,2026-08-14,11 19 22 30 34 37 43,3 35,,archive
4027,2026-08-15,3 4 15 20 27 35 43,23 24,,archive
4028,2026-08-16,4 5 11 25 28 31 41,21 35,,archive
4029,2026-08-17,2 4 9 14 18 27 42,12 43,,archive
4030,2026-08-18,12 22 23 26 30 33 41,1 36,,archive
4031,2026-08-19,2 11 18 22 29 38 41,33 42,,archive
4032,2026-08-20,2 17 21 27 35 36 38,6 28,,archive
4033,2026-08-21,7 26 29 34 36 37 40,15 32,,archive
4034,2026-08-22,11 12 14 17 21 29 36,5 24,,archive
4035,2026-08-23,7 12 13 25 33 43 44,9 23,,archive
4036,2026-08-24,3 4 9 13 21 33 41,20 22,,archive
4037,2026-08-25,8 10 29 34 37 41 42,21 38,,archive
4038,2026-08-26,5 17 20 27 36 40 42,15 30,,archive
4039,2026-08-27,2 3 10 14 15 32 33,9 23,,archive
4040,2026-08-28,1 2 8 9 17 20 23,12 21,,archive
4041,2026-08-29,1 9 11 12 16 19 34,7 24,,archive
4042,2026-08-30,15 16 18 27 28 31 34,19 20,,archive
4043,2026-08-31,5 12 17 22 33 42 43,18 24,,archive
4044,2026-09-01,2 5 9 10 12 27 35,19 26,,archive
4045,2026-09-02,4 14 22 28 30 34 35,11 38,,archive
4046,2026-09-03,1 7 11 22 23 24 36,30 44,,archive
4047,2026-09-04,5 13 25 27 28 34 43,3 42,,archive
4048,2026-09-05,1 2 9 30 32 34 40,24 37,,archive
4049,2026-09-06,11 14 16 17 26 39 40,34 44,,archive
4050,2026-09-07,16 17 18 20 32 42 43,15 34,,archive
4051,2026-09-08,1 2 4 5 18 29 32,6 43,,archive
4052,2026-09-09,7 12 20 24 29 33 37,30 44,,archive
4053,2026-09-10,1 2 5 13 24 27 42,21 35,,archive
4054,2026-09-11,4 16 22 23 24 40 41,17 30,,archive
4055,2026-09-12,6 8 15 17 41 43 44,3 34,,archive
4056,2026-09-13,6 15 16 22 25 41 43,8 38,,archive
4057,2026-09-14,7 12 26 32 36 43 44,10 41,,archive
4058,2026-09-15,6 9 14 21 27 41 44,1 2,,archive
4059,2026-09-16,11 19 25 30 31 32 44,2 15,,archive
4060,2026-09-17,1 32 33 34 40 42 44,3 25,,archive
4061,2026-09-18,6 7 17 21 32 34 37,19 33,,archive
4062,2026-09-19,1 6 7 15 20 37 43,2 33,,archive
4063,2026-09-20,3 21 22 24 32 36 42,4 43,,archive
4064,2026-09-21,5 6 9 12 36 39 43,10 17,,archive
4065,2026-09-22,16 24 26 27 37 40 43,4 7,,lotterywest
